dataset,seed_no,measurement_type,measurement_num,EXTREME_pixel_observe,measurement_loss,MSE_loss,noise,round
,,,,,,,,
,,,,,,,,
,,,,,,,,
,,,,,,,,
,,,,,,,,
,,,,,,,,
,,,,,,,,
,,,,,,,,
,,,,,,,,
,,,,,,,,
,,,,,,,,
,,,,,,,,
,,,,,,,,
,,,,,,,,
,,,,,,,,
,,,,,,,,
,,,,,,,,
,,,,,,,,
,,,,,,,,
,,,,,,,,
,,,,,,,,
,,,,,,,,
,,,,,,,,
,,,,,,,,
,,,,,,,,
,,,,,,,,
,,,,,,,,
,,,,,,,,
,,,,,,,,
,,,,,,,,
,,,,,,,,
,,,,,,,,
,,,,,,,,
,,,,,,,,
,,,,,,,,
,,,,,,,,
,,,,,,,,
,,,,,,,,
,,,,,,,,
,,,,,,,,
,,,,,,,,
,,,,,,,,
,,,,,,,,
,,,,,,,,
,,,,,,,,
,,,,,,,,
,,,,,,,,
,,,,,,,,
,,,,,,,,
,,,,,,,,
,,,,,,,,
,,,,,,,,
,,,,,,,,
,,,,,,,,
,,,,,,,,
,,,,,,,,
,,,,,,,,
,,,,,,,,
,,,,,,,,
,,,,,,,,
,,,,,,,,
,,,,,,,,
,,,,,,,,
,,,,,,,,
,,,,,,,,
,,,,,,,,
,,,,,,,,
,,,,,,,,
,,,,,,,,
,,,,,,,,
,,,,,,,,
,,,,,,,,
,,,,,,,,
,,,,,,,,
,,,,,,,,
,,,,,,,,
,,,,,,,,
,,,,,,,,
,,,,,,,,
,,,,,,,,
,,,,,,,,
,,,,,,,,
,,,,,,,,
,,,,,,,,
,,,,,,,,
,,,,,,,,
,,,,,,,,
,,,,,,,,
,,,,,,,,
,,,,,,,,
,,,,,,,,
,,,,,,,,
,,,,,,,,
,,,,,,,,
,,,,,,,,
,,,,,,,,
,,,,,,,,
,,,,,,,,
,,,,,,,,
,,,,,,,,
,,,,,,,,
,,,,,,,,
,,,,,,,,
,,,,,,,,
,,,,,,,,
,,,,,,,,
,,,,,,,,
,,,,,,,,
,,,,,,,,
,,,,,,,,
,,,,,,,,
,,,,,,,,
,,,,,,,,
,,,,,,,,
,,,,,,,,
,,,,,,,,
,,,,,,,,
,,,,,,,,
,,,,,,,,
,,,,,,,,
,,,,,,,,
,,,,,,,,
,,,,,,,,
,,,,,,,,
,,,,,,,,
,,,,,,,,
,,,,,,,,
,,,,,,,,
,,,,,,,,
,,,,,,,,
,,,,,,,,
,,,,,,,,
,,,,,,,,
,,,,,,,,
,,,,,,,,
,,,,,,,,
,,,,,,,,
,,,,,,,,
,,,,,,,,
,,,,,,,,
,,,,,,,,
,,,,,,,,
,,,,,,,,
,,,,,,,,
,,,,,,,,
,,,,,,,,
,,,,,,,,
,,,,,,,,
,,,,,,,,
,,,,,,,,
,,,,,,,,
,,,,,,,,
,,,,,,,,
,,,,,,,,
,,,,,,,,
,,,,,,,,
,,,,,,,,
,,,,,,,,
,,,,,,,,
,,,,,,,,
mnist,2024,gaussian,30,NA,7.358710483,0.046978732,1_5,NA
mnist,2024,gaussian,60,NA,3.096394661,0.004755724,1_5,NA
mnist,2024,gaussian,90,NA,3.564278722,0.003577952,1_5,NA
mnist,2024,gaussian,120,NA,3.774276876,0.002925756,1_5,NA
mnist,2024,gaussian,150,NA,3.867822467,0.002820595,1_5,NA
mnist,2024,gaussian_block,30,196,12.99512056,0.016330975,1_5,NA
mnist,2024,gaussian_block,60,196,12.36434948,0.020436591,1_5,NA
mnist,2024,gaussian_block,90,196,14.99903374,0.018914261,1_5,NA
mnist,2024,gaussian_block,120,196,19.78205568,0.018048671,1_5,NA
mnist,2024,gaussian_block,150,196,19.36260498,0.01833295,1_5,NA
mnist,2024,gaussian_block,30,98,38.27157035,0.031224933,1_5,NA
mnist,2024,gaussian_block,60,98,56.73645515,0.043779049,1_5,NA
mnist,2024,gaussian_block,90,98,38.1192006,0.028217376,1_5,NA
mnist,2024,gaussian_block,120,98,56.42800296,0.032018525,1_5,NA
mnist,2024,gaussian_block,150,98,35.45576234,0.031692364,1_5,NA
mnist,2024,gaussian_block_general,30,NA,4.039509404,0.006579555,1_5,NA
mnist,2024,gaussian_block_general,60,NA,2.51272274,0.003578101,1_5,NA
mnist,2024,gaussian_block_general,90,NA,4.983554947,0.003379409,1_5,NA
mnist,2024,gaussian_block_general,120,NA,5.124338336,0.003342198,1_5,NA
mnist,2024,gaussian_block_general,150,NA,5.052495136,0.003070925,1_5,NA
,,,,,,,,
,,,,,,,,
,,,,,,,,
,,,,,,,,
,,,,,,,,
,,,,,,,,
,,,,,,,,
,,,,,,,,
,,,,,,,,
,,,,,,,,
,,,,,,,,
,,,,,,,,
,,,,,,,,
,,,,,,,,
,,,,,,,,
,,,,,,,,
,,,,,,,,
,,,,,,,,
,,,,,,,,
,,,,,,,,
,,,,,,,,
,,,,,,,,
,,,,,,,,
,,,,,,,,
,,,,,,,,
mnist,2024,gaussian,30,NA,35.23054984,0.035997305,5_0,NA
mnist,2024,gaussian,60,NA,20.05600787,0.016715907,5_0,NA
mnist,2024,gaussian,90,NA,25.23466963,0.01090844,5_0,NA
mnist,2024,gaussian,120,NA,22.77755673,0.006031315,5_0,NA
mnist,2024,gaussian,150,NA,21.00400841,0.006481004,5_0,NA
mnist,2024,gaussian_block,30,196,20.62347475,0.018745342,5_0,NA
mnist,2024,gaussian_block,60,196,24.71722389,0.021757874,5_0,NA
mnist,2024,gaussian_block,90,196,27.24618426,0.017898482,5_0,NA
mnist,2024,gaussian_block,120,196,39.79977622,0.017860478,5_0,NA
mnist,2024,gaussian_block,150,196,37.13321584,0.018875344,5_0,NA
mnist,2024,gaussian_block,30,98,59.66168064,0.030513598,5_0,NA
mnist,2024,gaussian_block,60,98,50.40862998,0.026827233,5_0,NA
mnist,2024,gaussian_block,90,98,67.67346073,0.036266579,5_0,NA
mnist,2024,gaussian_block,120,98,77.76594353,0.029637863,5_0,NA
mnist,2024,gaussian_block,150,98,78.77095503,0.039547217,5_0,NA
mnist,2024,gaussian_block_general,30,NA,9.220044459,0.028631075,5_0,NA
mnist,2024,gaussian_block_general,60,NA,17.27699697,0.006773488,5_0,NA
mnist,2024,gaussian_block_general,90,NA,24.19922777,0.006656332,5_0,NA
mnist,2024,gaussian_block_general,120,NA,26.22657147,0.004937341,5_0,NA
mnist,2024,gaussian_block_general,150,NA,27.68991424,0.004669766,5_0,NA
,,,,,,,,
,,,,,,,,
,,,,,,,,
,,,,,,,,
,,,,,,,,
,,,,,,,,
,,,,,,,,
,,,,,,,,
,,,,,,,,
,,,,,,,,
,,,,,,,,
,,,,,,,,
,,,,,,,,
,,,,,,,,
,,,,,,,,
,,,,,,,,
,,,,,,,,
,,,,,,,,
,,,,,,,,
,,,,,,,,
,,,,,,,,
,,,,,,,,
,,,,,,,,
,,,,,,,,
,,,,,,,,
mnist,2024,gaussian,30,NA,139.297227,0.075022967,10_0,NA
mnist,2024,gaussian,60,NA,83.62634788,0.030831539,10_0,NA
mnist,2024,gaussian,90,NA,78.57356953,0.06558684,10_0,NA
mnist,2024,gaussian,120,NA,87.71887293,0.019347873,10_0,NA
mnist,2024,gaussian,150,NA,107.5820747,0.01591319,10_0,NA
mnist,2024,gaussian_block,30,196,54.95678057,0.059034361,10_0,NA
mnist,2024,gaussian_block,60,196,95.86465882,0.020847539,10_0,NA
mnist,2024,gaussian_block,90,196,70.14767731,0.010826479,10_0,NA
mnist,2024,gaussian_block,120,196,103.7487983,0.016812936,10_0,NA
mnist,2024,gaussian_block,150,196,98.82253656,0.016689573,10_0,NA
mnist,2024,gaussian_block,30,98,65.15903965,0.056550515,10_0,NA
mnist,2024,gaussian_block,60,98,102.970661,0.042548881,10_0,NA
mnist,2024,gaussian_block,90,98,120.1772716,0.028349782,10_0,NA
mnist,2024,gaussian_block,120,98,107.865523,0.034586336,10_0,NA
mnist,2024,gaussian_block,150,98,131.7271861,0.022880951,10_0,NA
mnist,2024,gaussian_block_general,30,NA,50.0036079,0.021153572,10_0,NA
mnist,2024,gaussian_block_general,60,NA,70.24111652,0.026398903,10_0,NA
mnist,2024,gaussian_block_general,90,NA,83.6694573,0.014340091,10_0,NA
mnist,2024,gaussian_block_general,120,NA,112.8055995,0.011029322,10_0,NA
mnist,2024,gaussian_block_general,150,NA,79.63241119,0.007179028,10_0,NA
,,,,,,,,
,,,,,,,,
,,,,,,,,
,,,,,,,,
,,,,,,,,
,,,,,,,,
,,,,,,,,
,,,,,,,,
,,,,,,,,
,,,,,,,,
,,,,,,,,
,,,,,,,,
,,,,,,,,
,,,,,,,,
,,,,,,,,
,,,,,,,,
,,,,,,,,
,,,,,,,,
,,,,,,,,
,,,,,,,,
,,,,,,,,
,,,,,,,,
,,,,,,,,
,,,,,,,,
,,,,,,,,
mnist,2024,gaussian,30,NA,281.1293073,0.073257572,20_0,NA
mnist,2024,gaussian,60,NA,306.1195423,0.052022713,20_0,NA
mnist,2024,gaussian,90,NA,437.5044364,0.058287928,20_0,NA
mnist,2024,gaussian,120,NA,412.366756,0.067640076,20_0,NA
mnist,2024,gaussian,150,NA,302.9679589,0.041463246,20_0,NA
mnist,2024,gaussian_block,30,196,185.6254357,0.075174102,20_0,NA
mnist,2024,gaussian_block,60,196,379.3107237,0.036475273,20_0,NA
mnist,2024,gaussian_block,90,196,474.9768967,0.030897176,20_0,NA
mnist,2024,gaussian_block,120,196,415.9910942,0.013447368,20_0,NA
mnist,2024,gaussian_block,150,196,453.1561661,0.034167179,20_0,NA
mnist,2024,gaussian_block,30,98,222.3279001,0.077840295,20_0,NA
mnist,2024,gaussian_block,60,98,333.3959806,0.070954096,20_0,NA
mnist,2024,gaussian_block,90,98,419.8243842,0.037332856,20_0,NA
mnist,2024,gaussian_block,120,98,341.9827589,0.034130422,20_0,NA
mnist,2024,gaussian_block,150,98,384.6831362,0.036317903,20_0,NA
mnist,2024,gaussian_block_general,30,NA,256.9694986,0.088146495,20_0,NA
mnist,2024,gaussian_block_general,60,NA,367.3445246,0.054854426,20_0,NA
mnist,2024,gaussian_block_general,90,NA,276.8894943,0.016832375,20_0,NA
mnist,2024,gaussian_block_general,120,NA,387.0325539,0.011347815,20_0,NA
mnist,2024,gaussian_block_general,150,NA,345.160908,0.027762598,20_0,NA
,,,,,,,,
,,,,,,,,
,,,,,,,,
,,,,,,,,
,,,,,,,,
,,,,,,,,
,,,,,,,,
,,,,,,,,
,,,,,,,,
,,,,,,,,
,,,,,,,,
,,,,,,,,
,,,,,,,,
,,,,,,,,
,,,,,,,,
,,,,,,,,
,,,,,,,,
,,,,,,,,
,,,,,,,,
,,,,,,,,
,,,,,,,,
,,,,,,,,
,,,,,,,,
,,,,,,,,
,,,,,,,,
mnist,2024,gaussian,30,NA,1219.736539,0.102315949,40_0,NA
mnist,2024,gaussian,60,NA,1186.656274,0.10627704,40_0,NA
mnist,2024,gaussian,90,NA,1611.34938,0.074082826,40_0,NA
mnist,2024,gaussian,120,NA,1238.051381,0.043308342,40_0,NA
mnist,2024,gaussian,150,NA,1809.603759,0.091621388,40_0,NA
mnist,2024,gaussian_block,30,196,944.4033373,0.114837294,40_0,NA
mnist,2024,gaussian_block,60,196,838.5215154,0.12461421,40_0,NA
mnist,2024,gaussian_block,90,196,1205.447367,0.073938109,40_0,NA
mnist,2024,gaussian_block,120,196,943.8786837,0.12016572,40_0,NA
mnist,2024,gaussian_block,150,196,870.6329958,0.108320888,40_0,NA
mnist,2024,gaussian_block,30,98,1039.432008,0.072595872,40_0,NA
mnist,2024,gaussian_block,60,98,626.5808624,0.093181386,40_0,NA
mnist,2024,gaussian_block,90,98,1314.421909,0.07469012,40_0,NA
mnist,2024,gaussian_block,120,98,1375.577892,0.05936536,40_0,NA
mnist,2024,gaussian_block,150,98,1283.806681,0.06324716,40_0,NA
mnist,2024,gaussian_block_general,30,NA,1913.040786,0.078790902,40_0,NA
mnist,2024,gaussian_block_general,60,NA,875.180567,0.137844985,40_0,NA
mnist,2024,gaussian_block_general,90,NA,1424.389007,0.126537989,40_0,NA
mnist,2024,gaussian_block_general,120,NA,1397.41041,0.11564069,40_0,NA
mnist,2024,gaussian_block_general,150,NA,1459.044963,0.057169363,40_0,NA
,,,,,,,,
,,,,,,,,
,,,,,,,,
,,,,,,,,
,,,,,,,,
,,,,,,,,
,,,,,,,,
,,,,,,,,
,,,,,,,,
,,,,,,,,
,,,,,,,,
,,,,,,,,
,,,,,,,,
,,,,,,,,
,,,,,,,,
,,,,,,,,
,,,,,,,,
,,,,,,,,
,,,,,,,,
,,,,,,,,
,,,,,,,,
,,,,,,,,
,,,,,,,,
,,,,,,,,
,,,,,,,,
mnist,2024,gaussian,30,NA,3911.891054,0.170362581,80_0,NA
mnist,2024,gaussian,60,NA,7406.900574,0.114150075,80_0,NA
mnist,2024,gaussian,90,NA,6286.80005,0.182607455,80_0,NA
mnist,2024,gaussian,120,NA,5563.209721,0.208587659,80_0,NA
mnist,2024,gaussian,150,NA,4961.785375,0.129241326,80_0,NA
mnist,2024,gaussian_block,30,196,5243.656574,0.197588588,80_0,NA
mnist,2024,gaussian_block,60,196,5400.55079,0.122309747,80_0,NA
mnist,2024,gaussian_block,90,196,4911.368536,0.129554118,80_0,NA
mnist,2024,gaussian_block,120,196,6505.386801,0.127347555,80_0,NA
mnist,2024,gaussian_block,150,196,4578.249327,0.164249872,80_0,NA
mnist,2024,gaussian_block,30,98,3024.319462,0.123333659,80_0,NA
mnist,2024,gaussian_block,60,98,3568.835418,0.100827741,80_0,NA
mnist,2024,gaussian_block,90,98,3947.816569,0.111442151,80_0,NA
mnist,2024,gaussian_block,120,98,5044.766077,0.131280369,80_0,NA
mnist,2024,gaussian_block,150,98,6567.971796,0.069371402,80_0,NA
mnist,2024,gaussian_block_general,30,NA,8297.019499,0.104274355,80_0,NA
mnist,2024,gaussian_block_general,60,NA,6430.855078,0.132937579,80_0,NA
mnist,2024,gaussian_block_general,90,NA,5533.894382,0.16019047,80_0,NA
mnist,2024,gaussian_block_general,120,NA,5515.510534,0.119689438,80_0,NA
mnist,2024,gaussian_block_general,150,NA,5191.077563,0.087217948,80_0,NA
,,,,,,,,
,,,,,,,,
,,,,,,,,
,,,,,,,,
,,,,,,,,
,,,,,,,,
,,,,,,,,
,,,,,,,,
,,,,,,,,
,,,,,,,,
,,,,,,,,
,,,,,,,,
,,,,,,,,
,,,,,,,,
,,,,,,,,
,,,,,,,,
,,,,,,,,
,,,,,,,,
,,,,,,,,
,,,,,,,,
,,,,,,,,
,,,,,,,,
,,,,,,,,
,,,,,,,,
,,,,,,,,
mnist,2024,gaussian,30,NA,382.356407,0.084109446,25_0,NA
mnist,2024,gaussian,60,NA,624.9684629,0.116079665,25_0,NA
mnist,2024,gaussian,90,NA,573.7860048,0.109549546,25_0,NA
mnist,2024,gaussian,120,NA,471.5380278,0.075668731,25_0,NA
mnist,2024,gaussian,150,NA,559.1082743,0.062623762,25_0,NA
mnist,2024,gaussian_block,30,196,497.5846567,0.093501872,25_0,NA
mnist,2024,gaussian_block,60,196,547.7155842,0.050906556,25_0,NA
mnist,2024,gaussian_block,90,196,492.7880395,0.103227927,25_0,NA
mnist,2024,gaussian_block,120,196,618.0844394,0.094711374,25_0,NA
mnist,2024,gaussian_block,150,196,530.267748,0.034810849,25_0,NA
mnist,2024,gaussian_block,30,98,361.9587506,0.097586185,25_0,NA
mnist,2024,gaussian_block,60,98,581.0014714,0.064249886,25_0,NA
mnist,2024,gaussian_block,90,98,757.9213282,0.032670756,25_0,NA
mnist,2024,gaussian_block,120,98,578.6998687,0.038980599,25_0,NA
mnist,2024,gaussian_block,150,98,649.3852033,0.040113416,25_0,NA
mnist,2024,gaussian_block_general,30,NA,421.6725835,0.090563116,25_0,NA
mnist,2024,gaussian_block_general,60,NA,606.3622631,0.034571411,25_0,NA
mnist,2024,gaussian_block_general,90,NA,522.6952254,0.030668347,25_0,NA
mnist,2024,gaussian_block_general,120,NA,581.3860768,0.026589971,25_0,NA
mnist,2024,gaussian_block_general,150,NA,484.1339059,0.059959767,25_0,NA
,,,,,,,,
,,,,,,,,
,,,,,,,,
,,,,,,,,
,,,,,,,,
,,,,,,,,
,,,,,,,,
,,,,,,,,
,,,,,,,,
,,,,,,,,
,,,,,,,,
,,,,,,,,
,,,,,,,,
,,,,,,,,
,,,,,,,,
,,,,,,,,
,,,,,,,,
,,,,,,,,
,,,,,,,,
,,,,,,,,
,,,,,,,,
,,,,,,,,
,,,,,,,,
,,,,,,,,
,,,,,,,,
mnist,2024,gaussian,30,NA,636.0490992,0.034489736,30_0,NA
mnist,2024,gaussian,60,NA,680.4148664,0.148537905,30_0,NA
mnist,2024,gaussian,90,NA,710.5344651,0.154254224,30_0,NA
mnist,2024,gaussian,120,NA,897.422382,0.094057428,30_0,NA
mnist,2024,gaussian,150,NA,652.2138514,0.081525855,30_0,NA
mnist,2024,gaussian_block,30,196,602.2724756,0.064876816,30_0,NA
mnist,2024,gaussian_block,60,196,502.6524264,0.104025325,30_0,NA
mnist,2024,gaussian_block,90,196,705.2435816,0.043720942,30_0,NA
mnist,2024,gaussian_block,120,196,770.1532278,0.094361666,30_0,NA
mnist,2024,gaussian_block,150,196,912.9904992,0.038013946,30_0,NA
mnist,2024,gaussian_block,30,98,673.9566601,0.09763178,30_0,NA
mnist,2024,gaussian_block,60,98,717.5516049,0.04131821,30_0,NA
mnist,2024,gaussian_block,90,98,886.1138843,0.059022098,30_0,NA
mnist,2024,gaussian_block,120,98,746.9326777,0.024657984,30_0,NA
mnist,2024,gaussian_block,150,98,797.8250246,0.046608914,30_0,NA
mnist,2024,gaussian_block_general,30,NA,866.2037922,0.055443091,30_0,NA
mnist,2024,gaussian_block_general,60,NA,720.3574069,0.033994168,30_0,NA
mnist,2024,gaussian_block_general,90,NA,800.9352431,0.065996872,30_0,NA
mnist,2024,gaussian_block_general,120,NA,706.3998793,0.036462923,30_0,NA
mnist,2024,gaussian_block_general,150,NA,990.678444,0.053012016,30_0,NA
,,,,,,,,
,,,,,,,,
,,,,,,,,
,,,,,,,,
,,,,,,,,
,,,,,,,,
,,,,,,,,
,,,,,,,,
,,,,,,,,
,,,,,,,,
,,,,,,,,
,,,,,,,,
,,,,,,,,
,,,,,,,,
,,,,,,,,
,,,,,,,,
,,,,,,,,
,,,,,,,,
,,,,,,,,
,,,,,,,,
,,,,,,,,
,,,,,,,,
,,,,,,,,
,,,,,,,,
,,,,,,,,
mnist,2026,gaussian,30,NA,2.095643428,0.006599566,0_0,NA
mnist,2026,gaussian,60,NA,3.554367904,0.006804132,0_0,NA
mnist,2026,gaussian,90,NA,3.794746029,0.005836748,0_0,NA
mnist,2026,gaussian,120,NA,3.575516224,0.00681924,0_0,NA
mnist,2026,gaussian,150,NA,3.421125663,0.005874783,0_0,NA
mnist,2026,gaussian_block,30,196,10.53891527,0.011452515,0_0,NA
mnist,2026,gaussian_block,60,196,23.21209149,0.009827325,0_0,NA
mnist,2026,gaussian_block,90,196,30.2550589,0.01035692,0_0,NA
mnist,2026,gaussian_block,120,196,22.47416967,0.00993558,0_0,NA
mnist,2026,gaussian_block,150,196,26.68292609,0.008218189,0_0,NA
mnist,2026,gaussian_block,30,98,50.68465083,0.037272935,0_0,NA
mnist,2026,gaussian_block,60,98,116.2403839,0.043472703,0_0,NA
mnist,2026,gaussian_block,90,98,91.36183034,0.046917286,0_0,NA
mnist,2026,gaussian_block,120,98,90.50697671,0.045966296,0_0,NA
mnist,2026,gaussian_block,150,98,105.5859506,0.022206262,0_0,NA
mnist,2026,gaussian_block_general,30,NA,9.343719364,0.009293707,0_0,NA
mnist,2026,gaussian_block_general,60,NA,7.19850752,0.006479196,0_0,NA
mnist,2026,gaussian_block_general,90,NA,9.86151261,0.006522283,0_0,NA
mnist,2026,gaussian_block_general,120,NA,8.172122483,0.006266712,0_0,NA
mnist,2026,gaussian_block_general,150,NA,7.624472765,0.006706166,0_0,NA
,,,,,,,,
,,,,,,,,
,,,,,,,,
,,,,,,,,
,,,,,,,,
,,,,,,,,
,,,,,,,,
,,,,,,,,
,,,,,,,,
,,,,,,,,
,,,,,,,,
,,,,,,,,
,,,,,,,,
,,,,,,,,
,,,,,,,,
,,,,,,,,
,,,,,,,,
,,,,,,,,
,,,,,,,,
,,,,,,,,
,,,,,,,,
,,,,,,,,
,,,,,,,,
,,,,,,,,
,,,,,,,,
mnist,2026,gaussian,30,NA,17.80129729,0.065295436,0_1,NA
mnist,2026,gaussian,60,NA,2.697804007,0.005919117,0_1,NA
mnist,2026,gaussian,90,NA,3.626624333,0.006461833,0_1,NA
mnist,2026,gaussian,120,NA,3.16868052,0.006380065,0_1,NA
mnist,2026,gaussian,150,NA,3.128997694,0.006074345,0_1,NA
mnist,2026,gaussian_block,30,196,12.16455654,0.01884707,0_1,NA
mnist,2026,gaussian_block,60,196,16.84309437,0.01026356,0_1,NA
mnist,2026,gaussian_block,90,196,19.9315726,0.0087153,0_1,NA
mnist,2026,gaussian_block,120,196,21.39828774,0.006426571,0_1,NA
mnist,2026,gaussian_block,150,196,26.12185999,0.008330883,0_1,NA
mnist,2026,gaussian_block,30,98,64.09835762,0.054413931,0_1,NA
mnist,2026,gaussian_block,60,98,61.00378695,0.043283008,0_1,NA
mnist,2026,gaussian_block,90,98,81.31236493,0.039428234,0_1,NA
mnist,2026,gaussian_block,120,98,80.51375151,0.03489827,0_1,NA
mnist,2026,gaussian_block,150,98,85.69798813,0.024359392,0_1,NA
mnist,2026,gaussian_block_general,30,NA,9.204285212,0.009221915,0_1,NA
mnist,2026,gaussian_block_general,60,NA,7.240847529,0.006646696,0_1,NA
mnist,2026,gaussian_block_general,90,NA,9.831819064,0.006514233,0_1,NA
mnist,2026,gaussian_block_general,120,NA,8.14095855,0.006278327,0_1,NA
mnist,2026,gaussian_block_general,150,NA,7.651658688,0.006706988,0_1,NA
,,,,,,,,
,,,,,,,,
,,,,,,,,
,,,,,,,,
,,,,,,,,
,,,,,,,,
,,,,,,,,
,,,,,,,,
,,,,,,,,
,,,,,,,,
,,,,,,,,
,,,,,,,,
,,,,,,,,
,,,,,,,,
,,,,,,,,
,,,,,,,,
,,,,,,,,
,,,,,,,,
,,,,,,,,
,,,,,,,,
,,,,,,,,
,,,,,,,,
,,,,,,,,
,,,,,,,,
,,,,,,,,
mnist,2026,gaussian,30,NA,32.40438575,0.079555308,0_5,NA
mnist,2026,gaussian,60,NA,3.424215563,0.006701801,0_5,NA
mnist,2026,gaussian,90,NA,2.90308423,0.005864038,0_5,NA
mnist,2026,gaussian,120,NA,3.398056442,0.006304775,0_5,NA
mnist,2026,gaussian,150,NA,4.410909883,0.005973983,0_5,NA
mnist,2026,gaussian_block,30,196,13.40849198,0.008681524,0_5,NA
mnist,2026,gaussian_block,60,196,27.08930118,0.012949462,0_5,NA
mnist,2026,gaussian_block,90,196,21.89691741,0.007513459,0_5,NA
mnist,2026,gaussian_block,120,196,18.2981572,0.008992238,0_5,NA
mnist,2026,gaussian_block,150,196,20.31601665,0.007690299,0_5,NA
mnist,2026,gaussian_block,30,98,30.39877861,0.055032901,0_5,NA
mnist,2026,gaussian_block,60,98,47.62888067,0.048246532,0_5,NA
mnist,2026,gaussian_block,90,98,93.33823881,0.043570773,0_5,NA
mnist,2026,gaussian_block,120,98,96.72177911,0.0306716,0_5,NA
mnist,2026,gaussian_block,150,98,77.00655559,0.03770151,0_5,NA
mnist,2026,gaussian_block_general,30,NA,6.36968617,0.008752648,0_5,NA
mnist,2026,gaussian_block_general,60,NA,7.42147869,0.007479414,0_5,NA
mnist,2026,gaussian_block_general,90,NA,10.24796121,0.00647004,0_5,NA
mnist,2026,gaussian_block_general,120,NA,8.303863615,0.006354334,0_5,NA
mnist,2026,gaussian_block_general,150,NA,8.032631202,0.006666553,0_5,NA
,,,,,,,,
,,,,,,,,
,,,,,,,,
,,,,,,,,
,,,,,,,,
,,,,,,,,
,,,,,,,,
,,,,,,,,
,,,,,,,,
,,,,,,,,
,,,,,,,,
,,,,,,,,
,,,,,,,,
,,,,,,,,
,,,,,,,,
,,,,,,,,
,,,,,,,,
,,,,,,,,
,,,,,,,,
,,,,,,,,
,,,,,,,,
,,,,,,,,
,,,,,,,,
,,,,,,,,
,,,,,,,,
mnist,2026,gaussian,30,NA,3.786646971,0.012766418,1_5,NA
mnist,2026,gaussian,60,NA,7.290328993,0.007715214,1_5,NA
mnist,2026,gaussian,90,NA,5.511746764,0.007028587,1_5,NA
mnist,2026,gaussian,120,NA,4.893159534,0.006470052,1_5,NA
mnist,2026,gaussian,150,NA,5.295852977,0.006592485,1_5,NA
mnist,2026,gaussian_block,30,196,8.682710856,0.0104298,1_5,NA
mnist,2026,gaussian_block,60,196,59.84957577,0.058634961,1_5,NA
mnist,2026,gaussian_block,90,196,27.71833943,0.007291442,1_5,NA
mnist,2026,gaussian_block,120,196,22.79314747,0.006938009,1_5,NA
mnist,2026,gaussian_block,150,196,28.18281753,0.005910834,1_5,NA
mnist,2026,gaussian_block,30,98,35.1976385,0.056826688,1_5,NA
mnist,2026,gaussian_block,60,98,86.60175519,0.031478421,1_5,NA
mnist,2026,gaussian_block,90,98,80.33112519,0.035512604,1_5,NA
mnist,2026,gaussian_block,120,98,107.0654848,0.043807199,1_5,NA
mnist,2026,gaussian_block,150,98,74.89912218,0.034655772,1_5,NA
mnist,2026,gaussian_block_general,30,NA,8.664099396,0.010813445,1_5,NA
mnist,2026,gaussian_block_general,60,NA,7.253793603,0.006486266,1_5,NA
mnist,2026,gaussian_block_general,90,NA,12.7499281,0.006772548,1_5,NA
mnist,2026,gaussian_block_general,120,NA,10.60454664,0.006395295,1_5,NA
mnist,2026,gaussian_block_general,150,NA,9.298854609,0.006714638,1_5,NA
,,,,,,,,
,,,,,,,,
,,,,,,,,
,,,,,,,,
,,,,,,,,
,,,,,,,,
,,,,,,,,
,,,,,,,,
,,,,,,,,
,,,,,,,,
,,,,,,,,
,,,,,,,,
,,,,,,,,
,,,,,,,,
,,,,,,,,
,,,,,,,,
,,,,,,,,
,,,,,,,,
,,,,,,,,
,,,,,,,,
,,,,,,,,
,,,,,,,,
,,,,,,,,
,,,,,,,,
,,,,,,,,
mnist,2026,gaussian,30,NA,22.56948985,0.013788881,5_0,NA
mnist,2026,gaussian,60,NA,16.5769506,0.013557302,5_0,NA
mnist,2026,gaussian,90,NA,33.13314709,0.007339575,5_0,NA
mnist,2026,gaussian,120,NA,24.73307055,0.008358021,5_0,NA
mnist,2026,gaussian,150,NA,29.60500994,0.008477669,5_0,NA
mnist,2026,gaussian_block,30,196,34.24171135,0.021758575,5_0,NA
mnist,2026,gaussian_block,60,196,45.19182765,0.008765412,5_0,NA
mnist,2026,gaussian_block,90,196,41.13885305,0.007346502,5_0,NA
mnist,2026,gaussian_block,120,196,52.90155311,0.01146607,5_0,NA
mnist,2026,gaussian_block,150,196,38.93210204,0.009713578,5_0,NA
mnist,2026,gaussian_block,30,98,53.11159476,0.035918321,5_0,NA
mnist,2026,gaussian_block,60,98,86.95692782,0.04415118,5_0,NA
mnist,2026,gaussian_block,90,98,106.0122542,0.033898413,5_0,NA
mnist,2026,gaussian_block,120,98,99.63065762,0.021216056,5_0,NA
mnist,2026,gaussian_block,150,98,91.59098563,0.038491985,5_0,NA
mnist,2026,gaussian_block_general,30,NA,29.7008502,0.011882539,5_0,NA
mnist,2026,gaussian_block_general,60,NA,41.47111808,0.010146186,5_0,NA
mnist,2026,gaussian_block_general,90,NA,23.21054881,0.006808213,5_0,NA
mnist,2026,gaussian_block_general,120,NA,30.88462819,0.007526344,5_0,NA
mnist,2026,gaussian_block_general,150,NA,28.35323071,0.007384521,5_0,NA
,,,,,,,,
,,,,,,,,
,,,,,,,,
,,,,,,,,
,,,,,,,,
,,,,,,,,
,,,,,,,,
,,,,,,,,
,,,,,,,,
,,,,,,,,
,,,,,,,,
,,,,,,,,
,,,,,,,,
,,,,,,,,
,,,,,,,,
,,,,,,,,
,,,,,,,,
,,,,,,,,
,,,,,,,,
,,,,,,,,
,,,,,,,,
,,,,,,,,
,,,,,,,,
,,,,,,,,
,,,,,,,,
mnist,2026,gaussian,30,NA,86.17301968,0.042021031,10_0,NA
mnist,2026,gaussian,60,NA,92.48829335,0.037437776,10_0,NA
mnist,2026,gaussian,90,NA,89.66867226,0.049832296,10_0,NA
mnist,2026,gaussian,120,NA,108.4215461,0.021670531,10_0,NA
mnist,2026,gaussian,150,NA,106.6871444,0.022356366,10_0,NA
mnist,2026,gaussian_block,30,196,120.7368039,0.053244134,10_0,NA
mnist,2026,gaussian_block,60,196,92.94585853,0.041401549,10_0,NA
mnist,2026,gaussian_block,90,196,99.57929539,0.009496388,10_0,NA
mnist,2026,gaussian_block,120,196,112.1755898,0.015848811,10_0,NA
mnist,2026,gaussian_block,150,196,108.3701594,0.008616167,10_0,NA
mnist,2026,gaussian_block,30,98,95.42859264,0.039857189,10_0,NA
mnist,2026,gaussian_block,60,98,115.0115286,0.038154761,10_0,NA
mnist,2026,gaussian_block,90,98,141.001077,0.039072607,10_0,NA
mnist,2026,gaussian_block,120,98,205.3891586,0.034406086,10_0,NA
mnist,2026,gaussian_block,150,98,169.7763798,0.021657919,10_0,NA
mnist,2026,gaussian_block_general,30,NA,41.67972575,0.025028539,10_0,NA
mnist,2026,gaussian_block_general,60,NA,92.08883281,0.019509785,10_0,NA
mnist,2026,gaussian_block_general,90,NA,106.3432365,0.014481085,10_0,NA
mnist,2026,gaussian_block_general,120,NA,98.64214322,0.008349896,10_0,NA
mnist,2026,gaussian_block_general,150,NA,92.16142356,0.013670391,10_0,NA
,,,,,,,,
,,,,,,,,
,,,,,,,,
,,,,,,,,
,,,,,,,,
,,,,,,,,
,,,,,,,,
,,,,,,,,
,,,,,,,,
,,,,,,,,
,,,,,,,,
,,,,,,,,
,,,,,,,,
,,,,,,,,
,,,,,,,,
,,,,,,,,
,,,,,,,,
,,,,,,,,
,,,,,,,,
,,,,,,,,
,,,,,,,,
,,,,,,,,
,,,,,,,,
,,,,,,,,
,,,,,,,,
mnist,2026,gaussian,30,NA,206.7864592,0.077964817,20_0,NA
mnist,2026,gaussian,60,NA,346.8271982,0.076911007,20_0,NA
mnist,2026,gaussian,90,NA,440.909036,0.054619996,20_0,NA
mnist,2026,gaussian,120,NA,302.1432189,0.062623258,20_0,NA
mnist,2026,gaussian,150,NA,354.8603671,0.02420327,20_0,NA
mnist,2026,gaussian_block,30,196,289.5629091,0.078678428,20_0,NA
mnist,2026,gaussian_block,60,196,246.2149378,0.014961422,20_0,NA
mnist,2026,gaussian_block,90,196,275.4694816,0.023251481,20_0,NA
mnist,2026,gaussian_block,120,196,303.2963218,0.025553824,20_0,NA
mnist,2026,gaussian_block,150,196,375.8826982,0.020982937,20_0,NA
mnist,2026,gaussian_block,30,98,279.3961269,0.12789439,20_0,NA
mnist,2026,gaussian_block,60,98,452.7188642,0.055719957,20_0,NA
mnist,2026,gaussian_block,90,98,472.3665142,0.047752068,20_0,NA
mnist,2026,gaussian_block,120,98,395.57665,0.034254684,20_0,NA
mnist,2026,gaussian_block,150,98,457.2221648,0.049905282,20_0,NA
mnist,2026,gaussian_block_general,30,NA,476.475378,0.051558319,20_0,NA
mnist,2026,gaussian_block_general,60,NA,315.094204,0.053808292,20_0,NA
mnist,2026,gaussian_block_general,90,NA,356.7197461,0.025918065,20_0,NA
mnist,2026,gaussian_block_general,120,NA,322.8929847,0.029821871,20_0,NA
mnist,2026,gaussian_block_general,150,NA,384.4014932,0.024826117,20_0,NA
,,,,,,,,
,,,,,,,,
,,,,,,,,
,,,,,,,,
,,,,,,,,
,,,,,,,,
,,,,,,,,
,,,,,,,,
,,,,,,,,
,,,,,,,,
,,,,,,,,
,,,,,,,,
,,,,,,,,
,,,,,,,,
,,,,,,,,
,,,,,,,,
,,,,,,,,
,,,,,,,,
,,,,,,,,
,,,,,,,,
,,,,,,,,
,,,,,,,,
,,,,,,,,
,,,,,,,,
,,,,,,,,
mnist,2026,gaussian,30,NA,413.2760564,0.095676235,25_0,NA
mnist,2026,gaussian,60,NA,599.5827189,0.126294036,25_0,NA
mnist,2026,gaussian,90,NA,564.1438108,0.058239931,25_0,NA
mnist,2026,gaussian,120,NA,531.8023911,0.071888928,25_0,NA
mnist,2026,gaussian,150,NA,465.8686518,0.072671398,25_0,NA
mnist,2026,gaussian_block,30,196,319.5907119,0.084688019,25_0,NA
mnist,2026,gaussian_block,60,196,490.0840725,0.049994542,25_0,NA
mnist,2026,gaussian_block,90,196,405.5522155,0.093568954,25_0,NA
mnist,2026,gaussian_block,120,196,425.4862345,0.022679868,25_0,NA
mnist,2026,gaussian_block,150,196,573.3825902,0.021757591,25_0,NA
mnist,2026,gaussian_block,30,98,256.0953976,0.065491086,25_0,NA
mnist,2026,gaussian_block,60,98,419.3595424,0.058118509,25_0,NA
mnist,2026,gaussian_block,90,98,511.0159441,0.059721421,25_0,NA
mnist,2026,gaussian_block,120,98,523.6207938,0.063620926,25_0,NA
mnist,2026,gaussian_block,150,98,642.9709691,0.063963381,25_0,NA
mnist,2026,gaussian_block_general,30,NA,229.4370226,0.088484468,25_0,NA
mnist,2026,gaussian_block_general,60,NA,447.9485065,0.078033777,25_0,NA
mnist,2026,gaussian_block_general,90,NA,440.335984,0.053141183,25_0,NA
mnist,2026,gaussian_block_general,120,NA,523.3630096,0.075098686,25_0,NA
mnist,2026,gaussian_block_general,150,NA,478.419454,0.023577868,25_0,NA
,,,,,,,,
,,,,,,,,
,,,,,,,,
,,,,,,,,
,,,,,,,,
,,,,,,,,
,,,,,,,,
,,,,,,,,
,,,,,,,,
,,,,,,,,
,,,,,,,,
,,,,,,,,
,,,,,,,,
,,,,,,,,
,,,,,,,,
,,,,,,,,
,,,,,,,,
,,,,,,,,
,,,,,,,,
,,,,,,,,
,,,,,,,,
,,,,,,,,
,,,,,,,,
,,,,,,,,
,,,,,,,,
mnist,2026,gaussian,30,NA,625.9349863,0.108871924,30_0,NA
mnist,2026,gaussian,60,NA,783.5005125,0.102832082,30_0,NA
mnist,2026,gaussian,90,NA,847.5553491,0.11144575,30_0,NA
mnist,2026,gaussian,120,NA,793.153317,0.049156772,30_0,NA
mnist,2026,gaussian,150,NA,919.2418381,0.063353482,30_0,NA
mnist,2026,gaussian_block,30,196,511.5510949,0.053340345,30_0,NA
mnist,2026,gaussian_block,60,196,808.5734013,0.107198898,30_0,NA
mnist,2026,gaussian_block,90,196,659.8833429,0.076396277,30_0,NA
mnist,2026,gaussian_block,120,196,962.2751773,0.064869241,30_0,NA
mnist,2026,gaussian_block,150,196,635.5936856,0.033991287,30_0,NA
mnist,2026,gaussian_block,30,98,916.8215929,0.05693922,30_0,NA
mnist,2026,gaussian_block,60,98,465.1957113,0.059854058,30_0,NA
mnist,2026,gaussian_block,90,98,775.2231343,0.07326845,30_0,NA
mnist,2026,gaussian_block,120,98,764.0467764,0.040698439,30_0,NA
mnist,2026,gaussian_block,150,98,1062.405898,0.057451361,30_0,NA
mnist,2026,gaussian_block_general,30,NA,620.7971225,0.100562158,30_0,NA
mnist,2026,gaussian_block_general,60,NA,543.9675685,0.081317666,30_0,NA
mnist,2026,gaussian_block_general,90,NA,826.3409091,0.076651893,30_0,NA
mnist,2026,gaussian_block_general,120,NA,1095.552164,0.10637806,30_0,NA
mnist,2026,gaussian_block_general,150,NA,758.7529038,0.086881547,30_0,NA
,,,,,,,,
,,,,,,,,
,,,,,,,,
,,,,,,,,
,,,,,,,,
,,,,,,,,
,,,,,,,,
,,,,,,,,
,,,,,,,,
,,,,,,,,
,,,,,,,,
,,,,,,,,
,,,,,,,,
,,,,,,,,
,,,,,,,,
,,,,,,,,
,,,,,,,,
,,,,,,,,
,,,,,,,,
,,,,,,,,
,,,,,,,,
,,,,,,,,
,,,,,,,,
,,,,,,,,
,,,,,,,,
mnist,2030,gaussian,30,NA,8.579854376,0.048020467,0_0,NA
mnist,2030,gaussian,60,NA,24.874549,0.048853617,0_0,NA
mnist,2030,gaussian,90,NA,12.55839662,0.017391596,0_0,NA
mnist,2030,gaussian,120,NA,10.28873571,0.019251413,0_0,NA
mnist,2030,gaussian,150,NA,11.17198876,0.018142522,0_0,NA
mnist,2030,gaussian_block,30,196,33.72760337,0.073182048,0_0,NA
mnist,2030,gaussian_block,60,196,51.45073945,0.093281766,0_0,NA
mnist,2030,gaussian_block,90,196,65.06712124,0.074619852,0_0,NA
mnist,2030,gaussian_block,120,196,76.79789855,0.064903586,0_0,NA
mnist,2030,gaussian_block,150,196,71.87825336,0.070450832,0_0,NA
mnist,2030,gaussian_block,30,98,36.51252293,0.102299942,0_0,NA
mnist,2030,gaussian_block,60,98,85.25687303,0.087971592,0_0,NA
mnist,2030,gaussian_block,90,98,48.36020452,0.092543439,0_0,NA
mnist,2030,gaussian_block,120,98,57.26331936,0.09288844,0_0,NA
mnist,2030,gaussian_block,150,98,62.69388481,0.104062564,0_0,NA
mnist,2030,gaussian_block_general,30,NA,12.30306689,0.047697701,0_0,NA
mnist,2030,gaussian_block_general,60,NA,21.83461355,0.030897043,0_0,NA
mnist,2030,gaussian_block_general,90,NA,28.96836915,0.020621494,0_0,NA
mnist,2030,gaussian_block_general,120,NA,25.82227707,0.018651645,0_0,NA
mnist,2030,gaussian_block_general,150,NA,25.80165316,0.018961415,0_0,NA
,,,,,,,,
,,,,,,,,
,,,,,,,,
,,,,,,,,
,,,,,,,,
,,,,,,,,
,,,,,,,,
,,,,,,,,
,,,,,,,,
,,,,,,,,
,,,,,,,,
,,,,,,,,
,,,,,,,,
,,,,,,,,
,,,,,,,,
,,,,,,,,
,,,,,,,,
,,,,,,,,
,,,,,,,,
,,,,,,,,
,,,,,,,,
,,,,,,,,
,,,,,,,,
,,,,,,,,
,,,,,,,,
mnist,2030,gaussian,30,NA,25.1390466,0.11264241,0_1,NA
mnist,2030,gaussian,60,NA,9.292048433,0.019461544,0_1,NA
mnist,2030,gaussian,90,NA,10.05111543,0.020508429,0_1,NA
mnist,2030,gaussian,120,NA,13.10815162,0.017621704,0_1,NA
mnist,2030,gaussian,150,NA,26.37540963,0.047787417,0_1,NA
mnist,2030,gaussian_block,30,196,53.19122073,0.099290844,0_1,NA
mnist,2030,gaussian_block,60,196,58.73129904,0.074986716,0_1,NA
mnist,2030,gaussian_block,90,196,81.48211107,0.070175766,0_1,NA
mnist,2030,gaussian_block,120,196,86.58231872,0.073799629,0_1,NA
mnist,2030,gaussian_block,150,196,77.70040427,0.068938617,0_1,NA
mnist,2030,gaussian_block,30,98,35.0573547,0.099730082,0_1,NA
mnist,2030,gaussian_block,60,98,56.71367219,0.095153831,0_1,NA
mnist,2030,gaussian_block,90,98,72.98230745,0.091349246,0_1,NA
mnist,2030,gaussian_block,120,98,74.59930958,0.097506892,0_1,NA
mnist,2030,gaussian_block,150,98,65.3976055,0.092524794,0_1,NA
mnist,2030,gaussian_block_general,30,NA,12.19690546,0.047669938,0_1,NA
mnist,2030,gaussian_block_general,60,NA,21.9020703,0.031115,0_1,NA
mnist,2030,gaussian_block_general,90,NA,28.99065202,0.020969279,0_1,NA
mnist,2030,gaussian_block_general,120,NA,25.87739895,0.018644585,0_1,NA
mnist,2030,gaussian_block_general,150,NA,25.74568667,0.019010306,0_1,NA
,,,,,,,,
,,,,,,,,
,,,,,,,,
,,,,,,,,
,,,,,,,,
,,,,,,,,
,,,,,,,,
,,,,,,,,
,,,,,,,,
,,,,,,,,
,,,,,,,,
,,,,,,,,
,,,,,,,,
,,,,,,,,
,,,,,,,,
,,,,,,,,
,,,,,,,,
,,,,,,,,
,,,,,,,,
,,,,,,,,
,,,,,,,,
,,,,,,,,
,,,,,,,,
,,,,,,,,
,,,,,,,,
mnist,2030,gaussian,30,NA,12.20332247,0.075090638,0_5,NA
mnist,2030,gaussian,60,NA,35.83297745,0.077839498,0_5,NA
mnist,2030,gaussian,90,NA,24.86309115,0.055761978,0_5,NA
mnist,2030,gaussian,120,NA,15.28703459,0.018227436,0_5,NA
mnist,2030,gaussian,150,NA,18.28408621,0.033278137,0_5,NA
mnist,2030,gaussian_block,30,196,52.52506696,0.082713796,0_5,NA
mnist,2030,gaussian_block,60,196,42.46888202,0.074651495,0_5,NA
mnist,2030,gaussian_block,90,196,68.43882564,0.080403465,0_5,NA
mnist,2030,gaussian_block,120,196,84.67999641,0.073000835,0_5,NA
mnist,2030,gaussian_block,150,196,85.04441885,0.060222452,0_5,NA
mnist,2030,gaussian_block,30,98,52.94620881,0.095381467,0_5,NA
mnist,2030,gaussian_block,60,98,64.06577263,0.088002734,0_5,NA
mnist,2030,gaussian_block,90,98,56.68980992,0.099833138,0_5,NA
mnist,2030,gaussian_block,120,98,69.77182346,0.102798544,0_5,NA
mnist,2030,gaussian_block,150,98,63.67783272,0.095822705,0_5,NA
mnist,2030,gaussian_block_general,30,NA,12.48599843,0.047323658,0_5,NA
mnist,2030,gaussian_block_general,60,NA,21.77930843,0.031375786,0_5,NA
mnist,2030,gaussian_block_general,90,NA,29.46636947,0.021916194,0_5,NA
mnist,2030,gaussian_block_general,120,NA,26.83187939,0.018581513,0_5,NA
mnist,2030,gaussian_block_general,150,NA,26.42287219,0.019087397,0_5,NA
,,,,,,,,
,,,,,,,,
,,,,,,,,
,,,,,,,,
,,,,,,,,
,,,,,,,,
,,,,,,,,
,,,,,,,,
,,,,,,,,
,,,,,,,,
,,,,,,,,
,,,,,,,,
,,,,,,,,
,,,,,,,,
,,,,,,,,
,,,,,,,,
,,,,,,,,
,,,,,,,,
,,,,,,,,
,,,,,,,,
,,,,,,,,
,,,,,,,,
,,,,,,,,
,,,,,,,,
,,,,,,,,
mnist,2030,gaussian,30,NA,7.233505075,0.028311524,1_5,NA
mnist,2030,gaussian,60,NA,11.71471255,0.019844217,1_5,NA
mnist,2030,gaussian,90,NA,11.55005138,0.01869419,1_5,NA
mnist,2030,gaussian,120,NA,14.8906013,0.019480875,1_5,NA
mnist,2030,gaussian,150,NA,26.00725728,0.048803029,1_5,NA
mnist,2030,gaussian_block,30,196,38.7128719,0.1325422,1_5,NA
mnist,2030,gaussian_block,60,196,75.65383614,0.077250481,1_5,NA
mnist,2030,gaussian_block,90,196,64.65173065,0.067737896,1_5,NA
mnist,2030,gaussian_block,120,196,79.38530709,0.065943836,1_5,NA
mnist,2030,gaussian_block,150,196,74.06171944,0.0707522,1_5,NA
mnist,2030,gaussian_block,30,98,49.33684605,0.121298617,1_5,NA
mnist,2030,gaussian_block,60,98,83.09812407,0.10853322,1_5,NA
mnist,2030,gaussian_block,90,98,63.18373952,0.096388272,1_5,NA
mnist,2030,gaussian_block,120,98,68.18848164,0.095929357,1_5,NA
mnist,2030,gaussian_block,150,98,52.85880126,0.097861538,1_5,NA
mnist,2030,gaussian_block_general,30,NA,13.0792509,0.047436693,1_5,NA
mnist,2030,gaussian_block_general,60,NA,23.57865488,0.03348769,1_5,NA
mnist,2030,gaussian_block_general,90,NA,31.05124737,0.02369163,1_5,NA
mnist,2030,gaussian_block_general,120,NA,27.12610048,0.018671057,1_5,NA
mnist,2030,gaussian_block_general,150,NA,29.21559111,0.023245256,1_5,NA
,,,,,,,,
,,,,,,,,
,,,,,,,,
,,,,,,,,
,,,,,,,,
,,,,,,,,
,,,,,,,,
,,,,,,,,
,,,,,,,,
,,,,,,,,
,,,,,,,,
,,,,,,,,
,,,,,,,,
,,,,,,,,
,,,,,,,,
,,,,,,,,
,,,,,,,,
,,,,,,,,
,,,,,,,,
,,,,,,,,
,,,,,,,,
,,,,,,,,
,,,,,,,,
,,,,,,,,
,,,,,,,,
mnist,2030,gaussian,30,NA,23.37122116,0.059804864,5_0,NA
mnist,2030,gaussian,60,NA,28.57815072,0.043029338,5_0,NA
mnist,2030,gaussian,90,NA,25.33464311,0.023944918,5_0,NA
mnist,2030,gaussian,120,NA,36.51407705,0.027935235,5_0,NA
mnist,2030,gaussian,150,NA,46.99289313,0.058796902,5_0,NA
mnist,2030,gaussian_block,30,196,62.80214645,0.117418456,5_0,NA
mnist,2030,gaussian_block,60,196,88.87889887,0.081174545,5_0,NA
mnist,2030,gaussian_block,90,196,92.86957882,0.060724385,5_0,NA
mnist,2030,gaussian_block,120,196,94.57443115,0.072312996,5_0,NA
mnist,2030,gaussian_block,150,196,100.844712,0.0698594,5_0,NA
mnist,2030,gaussian_block,30,98,39.39891916,0.102090048,5_0,NA
mnist,2030,gaussian_block,60,98,83.44893038,0.096549982,5_0,NA
mnist,2030,gaussian_block,90,98,70.80907187,0.094443824,5_0,NA
mnist,2030,gaussian_block,120,98,101.874535,0.10948334,5_0,NA
mnist,2030,gaussian_block,150,98,79.91185477,0.10375401,5_0,NA
mnist,2030,gaussian_block_general,30,NA,22.71715074,0.053168383,5_0,NA
mnist,2030,gaussian_block_general,60,NA,42.5812303,0.068637235,5_0,NA
mnist,2030,gaussian_block_general,90,NA,53.17056902,0.033009337,5_0,NA
mnist,2030,gaussian_block_general,120,NA,46.73514503,0.021245962,5_0,NA
mnist,2030,gaussian_block_general,150,NA,46.15426865,0.019952994,5_0,NA
,,,,,,,,
,,,,,,,,
,,,,,,,,
,,,,,,,,
,,,,,,,,
,,,,,,,,
,,,,,,,,
,,,,,,,,
,,,,,,,,
,,,,,,,,
,,,,,,,,
,,,,,,,,
,,,,,,,,
,,,,,,,,
,,,,,,,,
,,,,,,,,
,,,,,,,,
,,,,,,,,
,,,,,,,,
,,,,,,,,
,,,,,,,,
,,,,,,,,
,,,,,,,,
,,,,,,,,
,,,,,,,,
mnist,2030,gaussian,30,NA,71.02701367,0.075396963,10_0,NA
mnist,2030,gaussian,60,NA,84.96953055,0.051712047,10_0,NA
mnist,2030,gaussian,90,NA,89.09289471,0.039954233,10_0,NA
mnist,2030,gaussian,120,NA,145.4543046,0.063823681,10_0,NA
mnist,2030,gaussian,150,NA,104.1015113,0.040877675,10_0,NA
mnist,2030,gaussian_block,30,196,102.2003061,0.106121991,10_0,NA
mnist,2030,gaussian_block,60,196,164.9598937,0.076825042,10_0,NA
mnist,2030,gaussian_block,90,196,143.6505098,0.077848416,10_0,NA
mnist,2030,gaussian_block,120,196,182.5241061,0.072499005,10_0,NA
mnist,2030,gaussian_block,150,196,155.5139833,0.070775735,10_0,NA
mnist,2030,gaussian_block,30,98,98.33362151,0.117197354,10_0,NA
mnist,2030,gaussian_block,60,98,99.66074351,0.091241865,10_0,NA
mnist,2030,gaussian_block,90,98,172.0747734,0.099695839,10_0,NA
mnist,2030,gaussian_block,120,98,182.6106913,0.10969438,10_0,NA
mnist,2030,gaussian_block,150,98,157.7249156,0.096796857,10_0,NA
mnist,2030,gaussian_block_general,30,NA,52.64953741,0.100464319,10_0,NA
mnist,2030,gaussian_block_general,60,NA,86.27075855,0.076929395,10_0,NA
mnist,2030,gaussian_block_general,90,NA,107.9342901,0.036956222,10_0,NA
mnist,2030,gaussian_block_general,120,NA,109.9541092,0.031552739,10_0,NA
mnist,2030,gaussian_block_general,150,NA,130.2352801,0.027596735,10_0,NA
,,,,,,,,
,,,,,,,,
,,,,,,,,
,,,,,,,,
,,,,,,,,
,,,,,,,,
,,,,,,,,
,,,,,,,,
,,,,,,,,
,,,,,,,,
,,,,,,,,
,,,,,,,,
,,,,,,,,
,,,,,,,,
,,,,,,,,
,,,,,,,,
,,,,,,,,
,,,,,,,,
,,,,,,,,
,,,,,,,,
,,,,,,,,
,,,,,,,,
,,,,,,,,
,,,,,,,,
,,,,,,,,
mnist,2030,gaussian,30,NA,442.0418334,0.138566031,20_0,NA
mnist,2030,gaussian,60,NA,319.3797473,0.126770187,20_0,NA
mnist,2030,gaussian,90,NA,294.810736,0.039057176,20_0,NA
mnist,2030,gaussian,120,NA,385.7915052,0.072241521,20_0,NA
mnist,2030,gaussian,150,NA,418.2035693,0.079534952,20_0,NA
mnist,2030,gaussian_block,30,196,424.1379822,0.111172576,20_0,NA
mnist,2030,gaussian_block,60,196,413.7165094,0.113020691,20_0,NA
mnist,2030,gaussian_block,90,196,378.0632369,0.090997154,20_0,NA
mnist,2030,gaussian_block,120,196,505.4661766,0.059795027,20_0,NA
mnist,2030,gaussian_block,150,196,408.115721,0.053452138,20_0,NA
mnist,2030,gaussian_block,30,98,280.9758132,0.135315801,20_0,NA
mnist,2030,gaussian_block,60,98,442.0219139,0.106168581,20_0,NA
mnist,2030,gaussian_block,90,98,331.8953403,0.119710847,20_0,NA
mnist,2030,gaussian_block,120,98,397.8819251,0.122339205,20_0,NA
mnist,2030,gaussian_block,150,98,502.9073674,0.118539598,20_0,NA
mnist,2030,gaussian_block_general,30,NA,214.7464558,0.139201565,20_0,NA
mnist,2030,gaussian_block_general,60,NA,259.9311971,0.112652782,20_0,NA
mnist,2030,gaussian_block_general,90,NA,387.9718346,0.128798935,20_0,NA
mnist,2030,gaussian_block_general,120,NA,343.0500147,0.030248069,20_0,NA
mnist,2030,gaussian_block_general,150,NA,376.5295213,0.065915278,20_0,NA
,,,,,,,,
,,,,,,,,
,,,,,,,,
,,,,,,,,
,,,,,,,,
,,,,,,,,
,,,,,,,,
,,,,,,,,
,,,,,,,,
,,,,,,,,
,,,,,,,,
,,,,,,,,
,,,,,,,,
,,,,,,,,
,,,,,,,,
,,,,,,,,
,,,,,,,,
,,,,,,,,
,,,,,,,,
,,,,,,,,
,,,,,,,,
,,,,,,,,
,,,,,,,,
,,,,,,,,
,,,,,,,,
mnist,2030,gaussian,30,NA,373.982234,0.15065124,25_0,NA
mnist,2030,gaussian,60,NA,328.7955114,0.16853182,25_0,NA
mnist,2030,gaussian,90,NA,643.3528319,0.116134918,25_0,NA
mnist,2030,gaussian,120,NA,505.7453067,0.118205374,25_0,NA
mnist,2030,gaussian,150,NA,651.6398448,0.085883044,25_0,NA
mnist,2030,gaussian_block,30,196,440.0857553,0.143628573,25_0,NA
mnist,2030,gaussian_block,60,196,493.6239006,0.074830112,25_0,NA
mnist,2030,gaussian_block,90,196,450.0734416,0.109973292,25_0,NA
mnist,2030,gaussian_block,120,196,664.4028327,0.085281984,25_0,NA
mnist,2030,gaussian_block,150,196,500.6405849,0.082783663,25_0,NA
mnist,2030,gaussian_block,30,98,591.6608579,0.108257485,25_0,NA
mnist,2030,gaussian_block,60,98,477.6451759,0.117344974,25_0,NA
mnist,2030,gaussian_block,90,98,498.3017433,0.120513699,25_0,NA
mnist,2030,gaussian_block,120,98,599.6343766,0.13875001,25_0,NA
mnist,2030,gaussian_block,150,98,551.5718845,0.135437593,25_0,NA
mnist,2030,gaussian_block_general,30,NA,466.8492782,0.114104402,25_0,NA
mnist,2030,gaussian_block_general,60,NA,370.2965997,0.100412404,25_0,NA
mnist,2030,gaussian_block_general,90,NA,740.6994437,0.124297906,25_0,NA
mnist,2030,gaussian_block_general,120,NA,601.8004394,0.053984856,25_0,NA
mnist,2030,gaussian_block_general,150,NA,542.1744141,0.03609988,25_0,NA
,,,,,,,,
,,,,,,,,
,,,,,,,,
,,,,,,,,
,,,,,,,,
,,,,,,,,
,,,,,,,,
,,,,,,,,
,,,,,,,,
,,,,,,,,
,,,,,,,,
,,,,,,,,
,,,,,,,,
,,,,,,,,
,,,,,,,,
,,,,,,,,
,,,,,,,,
,,,,,,,,
,,,,,,,,
,,,,,,,,
,,,,,,,,
,,,,,,,,
,,,,,,,,
,,,,,,,,
,,,,,,,,
mnist,2030,gaussian,30,NA,358.6717776,0.145720926,30_0,NA
mnist,2030,gaussian,60,NA,1122.145756,0.13310156,30_0,NA
mnist,2030,gaussian,90,NA,737.1557608,0.132119664,30_0,NA
mnist,2030,gaussian,120,NA,1135.247983,0.114216203,30_0,NA
mnist,2030,gaussian,150,NA,933.0720309,0.103187578,30_0,NA
mnist,2030,gaussian_block,30,196,576.7167573,0.150819745,30_0,NA
mnist,2030,gaussian_block,60,196,783.5678832,0.149595238,30_0,NA
mnist,2030,gaussian_block,90,196,746.3561788,0.089661659,30_0,NA
mnist,2030,gaussian_block,120,196,739.2880192,0.110623899,30_0,NA
mnist,2030,gaussian_block,150,196,783.4178637,0.097558976,30_0,NA
mnist,2030,gaussian_block,30,98,338.2008443,0.148005507,30_0,NA
mnist,2030,gaussian_block,60,98,644.4588082,0.117652299,30_0,NA
mnist,2030,gaussian_block,90,98,740.7441859,0.088170063,30_0,NA
mnist,2030,gaussian_block,120,98,833.9519025,0.11520669,30_0,NA
mnist,2030,gaussian_block,150,98,842.5772741,0.117945781,30_0,NA
mnist,2030,gaussian_block_general,30,NA,644.5578273,0.141889557,30_0,NA
mnist,2030,gaussian_block_general,60,NA,664.4964668,0.167837103,30_0,NA
mnist,2030,gaussian_block_general,90,NA,664.0664295,0.076529774,30_0,NA
mnist,2030,gaussian_block_general,120,NA,771.7787963,0.131521395,30_0,NA
mnist,2030,gaussian_block_general,150,NA,817.3853646,0.138783316,30_0,NA
,,,,,,,,
,,,,,,,,
,,,,,,,,
,,,,,,,,
,,,,,,,,
,,,,,,,,
,,,,,,,,
,,,,,,,,
,,,,,,,,
,,,,,,,,
,,,,,,,,
,,,,,,,,
,,,,,,,,
,,,,,,,,
,,,,,,,,
,,,,,,,,
,,,,,,,,
,,,,,,,,
,,,,,,,,
,,,,,,,,
,,,,,,,,
,,,,,,,,
,,,,,,,,
,,,,,,,,
,,,,,,,,
mnist,2049,gaussian,30,NA,8.70427883,0.01564465,0_0,NA
mnist,2049,gaussian,60,NA,7.133124888,0.014967127,0_0,NA
mnist,2049,gaussian,90,NA,6.737225509,0.014182205,0_0,NA
mnist,2049,gaussian,120,NA,9.339664965,0.014165352,0_0,NA
mnist,2049,gaussian,150,NA,10.76663648,0.013863984,0_0,NA
mnist,2049,gaussian_block,30,196,20.68580836,0.031795802,0_0,NA
mnist,2049,gaussian_block,60,196,38.25645661,0.031042186,0_0,NA
mnist,2049,gaussian_block,90,196,33.30862252,0.020263194,0_0,NA
mnist,2049,gaussian_block,120,196,37.44340071,0.021637955,0_0,NA
mnist,2049,gaussian_block,150,196,24.48230374,0.020518143,0_0,NA
mnist,2049,gaussian_block,30,98,62.08908942,0.081010748,0_0,NA
mnist,2049,gaussian_block,60,98,78.17511991,0.045505156,0_0,NA
mnist,2049,gaussian_block,90,98,115.6309355,0.070913606,0_0,NA
mnist,2049,gaussian_block,120,98,115.3950925,0.038125624,0_0,NA
mnist,2049,gaussian_block,150,98,128.3231017,0.050310159,0_0,NA
mnist,2049,gaussian_block_general,30,NA,19.67813121,0.018684797,0_0,NA
mnist,2049,gaussian_block_general,60,NA,14.55261729,0.016296685,0_0,NA
mnist,2049,gaussian_block_general,90,NA,20.80288846,0.012900974,0_0,NA
mnist,2049,gaussian_block_general,120,NA,21.93137967,0.013292395,0_0,NA
mnist,2049,gaussian_block_general,150,NA,20.94698534,0.01270941,0_0,NA
,,,,,,,,
,,,,,,,,
,,,,,,,,
,,,,,,,,
,,,,,,,,
,,,,,,,,
,,,,,,,,
,,,,,,,,
,,,,,,,,
,,,,,,,,
,,,,,,,,
,,,,,,,,
,,,,,,,,
,,,,,,,,
,,,,,,,,
,,,,,,,,
,,,,,,,,
,,,,,,,,
,,,,,,,,
,,,,,,,,
,,,,,,,,
,,,,,,,,
,,,,,,,,
,,,,,,,,
,,,,,,,,
mnist,2049,gaussian,30,NA,7.179011911,0.020031655,0_1,NA
mnist,2049,gaussian,60,NA,9.867493124,0.015500373,0_1,NA
mnist,2049,gaussian,90,NA,6.486587068,0.014036495,0_1,NA
mnist,2049,gaussian,120,NA,11.33083634,0.0139314,0_1,NA
mnist,2049,gaussian,150,NA,7.432335118,0.012822589,0_1,NA
mnist,2049,gaussian_block,30,196,60.02797186,0.018164988,0_1,NA
mnist,2049,gaussian_block,60,196,27.10979961,0.025119442,0_1,NA
mnist,2049,gaussian_block,90,196,32.5403617,0.01688444,0_1,NA
mnist,2049,gaussian_block,120,196,33.73082102,0.019181774,0_1,NA
mnist,2049,gaussian_block,150,196,38.70011251,0.019026291,0_1,NA
mnist,2049,gaussian_block,30,98,49.13861618,0.064829582,0_1,NA
mnist,2049,gaussian_block,60,98,95.89451124,0.043576514,0_1,NA
mnist,2049,gaussian_block,90,98,127.1734582,0.052545726,0_1,NA
mnist,2049,gaussian_block,120,98,103.7619561,0.045174775,0_1,NA
mnist,2049,gaussian_block,150,98,137.0961026,0.052856161,0_1,NA
mnist,2049,gaussian_block_general,30,NA,19.52590045,0.018624627,0_1,NA
mnist,2049,gaussian_block_general,60,NA,14.68364383,0.016343353,0_1,NA
mnist,2049,gaussian_block_general,90,NA,20.81669965,0.012882927,0_1,NA
mnist,2049,gaussian_block_general,120,NA,21.90721687,0.01330352,0_1,NA
mnist,2049,gaussian_block_general,150,NA,21.11458354,0.012715741,0_1,NA
,,,,,,,,
,,,,,,,,
,,,,,,,,
,,,,,,,,
,,,,,,,,
,,,,,,,,
,,,,,,,,
,,,,,,,,
,,,,,,,,
,,,,,,,,
,,,,,,,,
,,,,,,,,
,,,,,,,,
,,,,,,,,
,,,,,,,,
,,,,,,,,
,,,,,,,,
,,,,,,,,
,,,,,,,,
,,,,,,,,
,,,,,,,,
,,,,,,,,
,,,,,,,,
,,,,,,,,
,,,,,,,,
mnist,2049,gaussian,30,NA,5.980256733,0.025338849,0_5,NA
mnist,2049,gaussian,60,NA,4.886465649,0.015019564,0_5,NA
mnist,2049,gaussian,90,NA,10.19610756,0.013346077,0_5,NA
mnist,2049,gaussian,120,NA,8.74756042,0.014659808,0_5,NA
mnist,2049,gaussian,150,NA,8.719561335,0.013411523,0_5,NA
mnist,2049,gaussian_block,30,196,29.80383922,0.031236517,0_5,NA
mnist,2049,gaussian_block,60,196,26.3093002,0.024087369,0_5,NA
mnist,2049,gaussian_block,90,196,24.92926364,0.019700724,0_5,NA
mnist,2049,gaussian_block,120,196,36.36653342,0.016774689,0_5,NA
mnist,2049,gaussian_block,150,196,41.1711424,0.017927949,0_5,NA
mnist,2049,gaussian_block,30,98,89.31146845,0.037202357,0_5,NA
mnist,2049,gaussian_block,60,98,119.4747302,0.059306563,0_5,NA
mnist,2049,gaussian_block,90,98,133.8063197,0.042675472,0_5,NA
mnist,2049,gaussian_block,120,98,121.7184832,0.032247903,0_5,NA
mnist,2049,gaussian_block,150,98,122.5925027,0.042662615,0_5,NA
mnist,2049,gaussian_block_general,30,NA,18.49920044,0.018049704,0_5,NA
mnist,2049,gaussian_block_general,60,NA,14.31611877,0.016270412,0_5,NA
mnist,2049,gaussian_block_general,90,NA,21.12124758,0.012883672,0_5,NA
mnist,2049,gaussian_block_general,120,NA,21.9553594,0.013337069,0_5,NA
mnist,2049,gaussian_block_general,150,NA,21.49726625,0.01288905,0_5,NA
,,,,,,,,
,,,,,,,,
,,,,,,,,
,,,,,,,,
,,,,,,,,
,,,,,,,,
,,,,,,,,
,,,,,,,,
,,,,,,,,
,,,,,,,,
,,,,,,,,
,,,,,,,,
,,,,,,,,
,,,,,,,,
,,,,,,,,
,,,,,,,,
,,,,,,,,
,,,,,,,,
,,,,,,,,
,,,,,,,,
,,,,,,,,
,,,,,,,,
,,,,,,,,
,,,,,,,,
,,,,,,,,
mnist,2049,gaussian,30,NA,8.757371369,0.020470264,1_5,NA
mnist,2049,gaussian,60,NA,10.24635898,0.013402748,1_5,NA
mnist,2049,gaussian,90,NA,6.554093583,0.016157323,1_5,NA
mnist,2049,gaussian,120,NA,12.42648645,0.014070198,1_5,NA
mnist,2049,gaussian,150,NA,10.01387938,0.013692477,1_5,NA
mnist,2049,gaussian_block,30,196,23.30455102,0.024059597,1_5,NA
mnist,2049,gaussian_block,60,196,30.95943175,0.031579396,1_5,NA
mnist,2049,gaussian_block,90,196,35.25498642,0.017499482,1_5,NA
mnist,2049,gaussian_block,120,196,34.72165684,0.019686667,1_5,NA
mnist,2049,gaussian_block,150,196,41.68322404,0.02142303,1_5,NA
mnist,2049,gaussian_block,30,98,61.72019865,0.076697192,1_5,NA
mnist,2049,gaussian_block,60,98,87.52384796,0.077212313,1_5,NA
mnist,2049,gaussian_block,90,98,103.7232582,0.042773782,1_5,NA
mnist,2049,gaussian_block,120,98,98.65784062,0.056090061,1_5,NA
mnist,2049,gaussian_block,150,98,129.5332541,0.062097993,1_5,NA
mnist,2049,gaussian_block_general,30,NA,22.55841349,0.019322472,1_5,NA
mnist,2049,gaussian_block_general,60,NA,17.00734928,0.01575507,1_5,NA
mnist,2049,gaussian_block_general,90,NA,20.9397553,0.013026337,1_5,NA
mnist,2049,gaussian_block_general,120,NA,25.00208295,0.013280578,1_5,NA
mnist,2049,gaussian_block_general,150,NA,22.80157811,0.012425514,1_5,NA
,,,,,,,,
,,,,,,,,
,,,,,,,,
,,,,,,,,
,,,,,,,,
,,,,,,,,
,,,,,,,,
,,,,,,,,
,,,,,,,,
,,,,,,,,
,,,,,,,,
,,,,,,,,
,,,,,,,,
,,,,,,,,
,,,,,,,,
,,,,,,,,
,,,,,,,,
,,,,,,,,
,,,,,,,,
,,,,,,,,
,,,,,,,,
,,,,,,,,
,,,,,,,,
,,,,,,,,
,,,,,,,,
mnist,2049,gaussian,30,NA,16.8224598,0.016809164,5_0,NA
mnist,2049,gaussian,60,NA,18.7330166,0.024843933,5_0,NA
mnist,2049,gaussian,90,NA,28.38563021,0.022243392,5_0,NA
mnist,2049,gaussian,120,NA,32.45384177,0.014711194,5_0,NA
mnist,2049,gaussian,150,NA,32.53681216,0.015358374,5_0,NA
mnist,2049,gaussian_block,30,196,58.68954515,0.042717428,5_0,NA
mnist,2049,gaussian_block,60,196,53.87727366,0.024279941,5_0,NA
mnist,2049,gaussian_block,90,196,63.2727275,0.018815936,5_0,NA
mnist,2049,gaussian_block,120,196,55.52404442,0.020974433,5_0,NA
mnist,2049,gaussian_block,150,196,58.16622192,0.018746264,5_0,NA
mnist,2049,gaussian_block,30,98,78.38053369,0.040304248,5_0,NA
mnist,2049,gaussian_block,60,98,105.2276366,0.043400414,5_0,NA
mnist,2049,gaussian_block,90,98,121.8374529,0.045430517,5_0,NA
mnist,2049,gaussian_block,120,98,137.9634648,0.053384988,5_0,NA
mnist,2049,gaussian_block,150,98,114.9697023,0.035771914,5_0,NA
mnist,2049,gaussian_block_general,30,NA,35.06363728,0.043630729,5_0,NA
mnist,2049,gaussian_block_general,60,NA,39.52652768,0.016975817,5_0,NA
mnist,2049,gaussian_block_general,90,NA,40.52546574,0.015692391,5_0,NA
mnist,2049,gaussian_block_general,120,NA,40.95026111,0.014579885,5_0,NA
mnist,2049,gaussian_block_general,150,NA,44.97903825,0.013979867,5_0,NA
,,,,,,,,
,,,,,,,,
,,,,,,,,
,,,,,,,,
,,,,,,,,
,,,,,,,,
,,,,,,,,
,,,,,,,,
,,,,,,,,
,,,,,,,,
,,,,,,,,
,,,,,,,,
,,,,,,,,
,,,,,,,,
,,,,,,,,
,,,,,,,,
,,,,,,,,
,,,,,,,,
,,,,,,,,
,,,,,,,,
,,,,,,,,
,,,,,,,,
,,,,,,,,
,,,,,,,,
,,,,,,,,
mnist,2049,gaussian,30,NA,70.92989198,0.021805753,10_0,NA
mnist,2049,gaussian,60,NA,90.72775268,0.055028519,10_0,NA
mnist,2049,gaussian,90,NA,100.1410842,0.059684745,10_0,NA
mnist,2049,gaussian,120,NA,84.0217223,0.026272678,10_0,NA
mnist,2049,gaussian,150,NA,131.1658622,0.029019469,10_0,NA
mnist,2049,gaussian_block,30,196,119.6100763,0.032405416,10_0,NA
mnist,2049,gaussian_block,60,196,93.4666239,0.046408699,10_0,NA
mnist,2049,gaussian_block,90,196,126.9597798,0.03230463,10_0,NA
mnist,2049,gaussian_block,120,196,138.7871675,0.023199172,10_0,NA
mnist,2049,gaussian_block,150,196,125.2461455,0.016479484,10_0,NA
mnist,2049,gaussian_block,30,98,182.1148739,0.081250136,10_0,NA
mnist,2049,gaussian_block,60,98,237.1228778,0.079680806,10_0,NA
mnist,2049,gaussian_block,90,98,227.1062645,0.06655815,10_0,NA
mnist,2049,gaussian_block,120,98,212.2322888,0.053196109,10_0,NA
mnist,2049,gaussian_block,150,98,197.2739795,0.046759227,10_0,NA
mnist,2049,gaussian_block_general,30,NA,180.7797411,0.076217998,10_0,NA
mnist,2049,gaussian_block_general,60,NA,122.9120056,0.04994636,10_0,NA
mnist,2049,gaussian_block_general,90,NA,125.6919279,0.024311421,10_0,NA
mnist,2049,gaussian_block_general,120,NA,97.14694287,0.022070027,10_0,NA
mnist,2049,gaussian_block_general,150,NA,127.68705,0.017882564,10_0,NA
mnist,2049,gaussian,30,NA,485.2979123,0.095960688,20_0,NA
mnist,2049,gaussian,60,NA,567.7436245,0.06954486,20_0,NA
mnist,2049,gaussian,90,NA,432.1433991,0.038246574,20_0,NA
mnist,2049,gaussian,120,NA,322.8158186,0.046138807,20_0,NA
mnist,2049,gaussian,150,NA,346.2317924,0.105433066,20_0,NA
mnist,2049,gaussian_block,30,196,226.9426746,0.050372222,20_0,NA
mnist,2049,gaussian_block,60,196,325.1925914,0.052235692,20_0,NA
mnist,2049,gaussian_block,90,196,407.5871114,0.035179159,20_0,NA
mnist,2049,gaussian_block,120,196,398.8709467,0.038878729,20_0,NA
mnist,2049,gaussian_block,150,196,356.9394629,0.026879527,20_0,NA
mnist,2049,gaussian_block,30,98,341.2957341,0.076135967,20_0,NA
mnist,2049,gaussian_block,60,98,449.0670716,0.09004716,20_0,NA
mnist,2049,gaussian_block,90,98,445.9271624,0.068699263,20_0,NA
mnist,2049,gaussian_block,120,98,306.660154,0.041463529,20_0,NA
mnist,2049,gaussian_block,150,98,522.2412833,0.078007148,20_0,NA
mnist,2049,gaussian_block_general,30,NA,443.166968,0.107350969,20_0,NA
mnist,2049,gaussian_block_general,60,NA,391.5631377,0.068156077,20_0,NA
mnist,2049,gaussian_block_general,90,NA,350.3221603,0.051398253,20_0,NA
mnist,2049,gaussian_block_general,120,NA,316.5190786,0.021673066,20_0,NA
mnist,2049,gaussian_block_general,150,NA,432.1109578,0.066497425,20_0,NA
mnist,2049,gaussian,30,NA,206.9970698,0.133252707,25_0,NA
mnist,2049,gaussian,60,NA,513.133085,0.081309908,25_0,NA
mnist,2049,gaussian,90,NA,640.2450444,0.085506156,25_0,NA
mnist,2049,gaussian,120,NA,680.0155684,0.045918213,25_0,NA
mnist,2049,gaussian,150,NA,528.1355913,0.047591078,25_0,NA
mnist,2049,gaussian_block,30,196,416.2843362,0.037326048,25_0,NA
mnist,2049,gaussian_block,60,196,637.8826369,0.025675207,25_0,NA
mnist,2049,gaussian_block,90,196,600.546409,0.029169482,25_0,NA
mnist,2049,gaussian_block,120,196,552.6036948,0.040766456,25_0,NA
mnist,2049,gaussian_block,150,196,699.1811974,0.025951996,25_0,NA
mnist,2049,gaussian_block,30,98,384.0364572,0.066265746,25_0,NA
mnist,2049,gaussian_block,60,98,333.8813579,0.05646793,25_0,NA
mnist,2049,gaussian_block,90,98,703.2287548,0.120082452,25_0,NA
mnist,2049,gaussian_block,120,98,684.2815394,0.042750977,25_0,NA
mnist,2049,gaussian_block,150,98,510.5885175,0.080278829,25_0,NA
mnist,2049,gaussian_block_general,30,NA,414.2070161,0.103533934,25_0,NA
mnist,2049,gaussian_block_general,60,NA,839.7064956,0.023934397,25_0,NA
mnist,2049,gaussian_block_general,90,NA,392.3383837,0.118226968,25_0,NA
mnist,2049,gaussian_block_general,120,NA,804.9081843,0.041706868,25_0,NA
mnist,2049,gaussian_block_general,150,NA,577.3319314,0.02553723,25_0,NA
mnist,2049,gaussian,30,NA,628.2260315,0.127666523,30_0,NA
mnist,2049,gaussian,60,NA,636.5534162,0.089944635,30_0,NA
mnist,2049,gaussian,90,NA,599.0394698,0.109115901,30_0,NA
mnist,2049,gaussian,120,NA,735.9194438,0.128607548,30_0,NA
mnist,2049,gaussian,150,NA,781.129168,0.058409276,30_0,NA
mnist,2049,gaussian_block,30,196,641.0442818,0.06425728,30_0,NA
mnist,2049,gaussian_block,60,196,797.2352789,0.029132186,30_0,NA
mnist,2049,gaussian_block,90,196,946.5108261,0.048569843,30_0,NA
mnist,2049,gaussian_block,120,196,710.3930085,0.041070441,30_0,NA
mnist,2049,gaussian_block,150,196,1111.565268,0.052276638,30_0,NA
mnist,2049,gaussian_block,30,98,434.2327179,0.088194785,30_0,NA
mnist,2049,gaussian_block,60,98,739.6821704,0.097661892,30_0,NA
mnist,2049,gaussian_block,90,98,618.2632881,0.062881991,30_0,NA
mnist,2049,gaussian_block,120,98,744.1066072,0.062475121,30_0,NA
mnist,2049,gaussian_block,150,98,745.2046904,0.059340307,30_0,NA
mnist,2049,gaussian_block_general,30,NA,591.6900774,0.086494946,30_0,NA
mnist,2049,gaussian_block_general,60,NA,811.8036928,0.057147373,30_0,NA
mnist,2049,gaussian_block_general,90,NA,693.4102018,0.083666015,30_0,NA
mnist,2049,gaussian_block_general,120,NA,816.9822911,0.043930333,30_0,NA
mnist,2049,gaussian_block_general,150,NA,862.5978039,0.057730345,30_0,NA
,,,,,,,,NA
,,,,,,,,NA
,,,,,,,,NA
,,,,,,,,NA
,,,,,,,,NA
,,,,,,,,NA
,,,,,,,,NA
,,,,,,,,NA
,,,,,,,,NA
,,,,,,,,NA
,,,,,,,,NA
,,,,,,,,NA
,,,,,,,,NA
,,,,,,,,NA
,,,,,,,,NA
,,,,,,,,NA
,,,,,,,,NA
,,,,,,,,NA
,,,,,,,,NA
,,,,,,,,NA
,,,,,,,,NA
,,,,,,,,NA
,,,,,,,,NA
,,,,,,,,NA
,,,,,,,,NA
,,,,,,,,
,,,,,,,,
,,,,,,,,
,,,,,,,,
,,,,,,,,
,,,,,,,,
,,,,,,,,
,,,,,,,,
,,,,,,,,
,,,,,,,,
,,,,,,,,
,,,,,,,,
,,,,,,,,
,,,,,,,,
,,,,,,,,
,,,,,,,,
,,,,,,,,
,,,,,,,,
,,,,,,,,
,,,,,,,,
,,,,,,,,
,,,,,,,,
,,,,,,,,
,,,,,,,,
,,,,,,,,
,,,,,,,,
,,,,,,,,
,,,,,,,,
,,,,,,,,
,,,,,,,,
,,,,,,,,
,,,,,,,,
,,,,,,,,
,,,,,,,,
,,,,,,,,
,,,,,,,,
,,,,,,,,
,,,,,,,,
,,,,,,,,
,,,,,,,,
,,,,,,,,
,,,,,,,,
,,,,,,,,
,,,,,,,,
,,,,,,,,
,,,,,,,,
,,,,,,,,
,,,,,,,,
,,,,,,,,
,,,,,,,,
mnist,2024,gaussian_block_adaptive,10,NA,22.39929227,0.047697127,0_0,0
mnist,2024,gaussian_block_adaptive,10,NA,35.11897397,0.077359709,0_0,1
mnist,2024,gaussian_block_adaptive,10,NA,18.61834965,0.081837965,0_0,2
mnist,2024,gaussian_block_adaptive,20,NA,21.5282075,0.039954512,0_0,0
mnist,2024,gaussian_block_adaptive,20,NA,67.53599018,0.063313563,0_0,1
mnist,2024,gaussian_block_adaptive,20,NA,59.00147546,0.027595056,0_0,2
mnist,2024,gaussian_block_adaptive,30,NA,28.10516379,0.035023472,0_0,0
mnist,2024,gaussian_block_adaptive,30,NA,35.51670622,0.031827122,0_0,1
mnist,2024,gaussian_block_adaptive,30,NA,19.33826259,0.023158261,0_0,2
mnist,2024,gaussian_block_adaptive,40,NA,17.44534429,0.014250113,0_0,0
mnist,2024,gaussian_block_adaptive,40,NA,41.09648771,0.021819873,0_0,1
mnist,2024,gaussian_block_adaptive,40,NA,69.18838166,0.092750278,0_0,2
mnist,2024,gaussian_block_adaptive,50,NA,24.97734818,0.042774551,0_0,0
mnist,2024,gaussian_block_adaptive,50,NA,83.12444985,0.068630457,0_0,1
mnist,2024,gaussian_block_adaptive,50,NA,65.93413602,0.035850917,0_0,2
mnist,2024,gaussian_block_adaptive,10,NA,24.38844909,0.097474501,0_1,0
mnist,2024,gaussian_block_adaptive,10,NA,13.58003223,0.100481713,0_1,1
mnist,2024,gaussian_block_adaptive,10,NA,29.53247133,0.066540286,0_1,2
mnist,2024,gaussian_block_adaptive,20,NA,24.66754162,0.039327029,0_1,0
mnist,2024,gaussian_block_adaptive,20,NA,77.71825929,0.052878864,0_1,1
mnist,2024,gaussian_block_adaptive,20,NA,26.35269608,0.047739574,0_1,2
mnist,2024,gaussian_block_adaptive,30,NA,43.58133622,0.053973641,0_1,0
mnist,2024,gaussian_block_adaptive,30,NA,75.72088694,0.056984813,0_1,1
mnist,2024,gaussian_block_adaptive,30,NA,52.34711808,0.061541417,0_1,2
mnist,2024,gaussian_block_adaptive,40,NA,29.99842806,0.022943349,0_1,0
mnist,2024,gaussian_block_adaptive,40,NA,71.99434741,0.029396344,0_1,1
mnist,2024,gaussian_block_adaptive,40,NA,27.61438766,0.015757145,0_1,2
mnist,2024,gaussian_block_adaptive,50,NA,28.40230866,0.044502277,0_1,0
mnist,2024,gaussian_block_adaptive,50,NA,79.01913682,0.054537422,0_1,1
mnist,2024,gaussian_block_adaptive,50,NA,57.98483961,0.03270201,0_1,2
mnist,2024,gaussian_block_adaptive,10,NA,26.66938809,0.039526305,0_5,0
mnist,2024,gaussian_block_adaptive,10,NA,31.27600832,0.066233194,0_5,1
mnist,2024,gaussian_block_adaptive,10,NA,24.25089984,0.096146914,0_5,2
mnist,2024,gaussian_block_adaptive,20,NA,12.31719592,0.018310989,0_5,0
mnist,2024,gaussian_block_adaptive,20,NA,75.65831289,0.058499707,0_5,1
mnist,2024,gaussian_block_adaptive,20,NA,19.57056191,0.050817121,0_5,2
mnist,2024,gaussian_block_adaptive,30,NA,24.82758257,0.024351328,0_5,0
mnist,2024,gaussian_block_adaptive,30,NA,32.53044469,0.016484165,0_5,1
mnist,2024,gaussian_block_adaptive,30,NA,49.55412365,0.036968756,0_5,2
mnist,2024,gaussian_block_adaptive,40,NA,27.93722561,0.043985738,0_5,0
mnist,2024,gaussian_block_adaptive,40,NA,104.0011766,0.067190322,0_5,1
mnist,2024,gaussian_block_adaptive,40,NA,23.25156839,0.02545706,0_5,2
mnist,2024,gaussian_block_adaptive,50,NA,15.99195483,0.013339416,0_5,0
mnist,2024,gaussian_block_adaptive,50,NA,72.53715283,0.049824525,0_5,1
mnist,2024,gaussian_block_adaptive,50,NA,31.46007357,0.016709548,0_5,2
mnist,2024,gaussian_block_adaptive,10,NA,52.18132182,0.122784318,1_5,0
mnist,2024,gaussian_block_adaptive,10,NA,36.21149343,0.084422285,1_5,1
mnist,2024,gaussian_block_adaptive,10,NA,22.40085827,0.012855584,1_5,2
mnist,2024,gaussian_block_adaptive,20,NA,23.10616117,0.044212214,1_5,0
mnist,2024,gaussian_block_adaptive,20,NA,84.33631633,0.047683453,1_5,1
mnist,2024,gaussian_block_adaptive,20,NA,28.59130816,0.078078392,1_5,2
mnist,2024,gaussian_block_adaptive,30,NA,34.74703989,0.030065959,1_5,0
mnist,2024,gaussian_block_adaptive,30,NA,64.02987505,0.163650605,1_5,1
mnist,2024,gaussian_block_adaptive,30,NA,23.00662516,0.022705103,1_5,2
mnist,2024,gaussian_block_adaptive,40,NA,36.78390404,0.038736241,1_5,0
mnist,2024,gaussian_block_adaptive,40,NA,36.71714599,0.016908015,1_5,1
mnist,2024,gaussian_block_adaptive,40,NA,37.32938734,0.018571519,1_5,2
mnist,2024,gaussian_block_adaptive,50,NA,48.20139636,0.054285047,1_5,0
mnist,2024,gaussian_block_adaptive,50,NA,72.34396706,0.060640517,1_5,1
mnist,2024,gaussian_block_adaptive,50,NA,89.77458828,0.036911798,1_5,2
mnist,2024,gaussian_block_adaptive,10,NA,43.58650377,0.090080912,5_0,0
mnist,2024,gaussian_block_adaptive,10,NA,34.99607912,0.071360643,5_0,1
mnist,2024,gaussian_block_adaptive,10,NA,59.32104284,0.069837882,5_0,2
mnist,2024,gaussian_block_adaptive,20,NA,62.35807268,0.017268559,5_0,0
mnist,2024,gaussian_block_adaptive,20,NA,59.23872235,0.104589323,5_0,1
mnist,2024,gaussian_block_adaptive,20,NA,47.72448515,0.105460075,5_0,2
mnist,2024,gaussian_block_adaptive,30,NA,43.92929997,0.094332338,5_0,0
mnist,2024,gaussian_block_adaptive,30,NA,45.31943757,0.032191141,5_0,1
mnist,2024,gaussian_block_adaptive,30,NA,53.74532164,0.043718086,5_0,2
mnist,2024,gaussian_block_adaptive,40,NA,44.01740438,0.02782645,5_0,0
mnist,2024,gaussian_block_adaptive,40,NA,54.3688359,0.037289438,5_0,1
mnist,2024,gaussian_block_adaptive,40,NA,65.25944032,0.021739282,5_0,2
mnist,2024,gaussian_block_adaptive,50,NA,37.13782144,0.015119927,5_0,0
mnist,2024,gaussian_block_adaptive,50,NA,54.15499445,0.013989616,5_0,1
mnist,2024,gaussian_block_adaptive,50,NA,82.54313415,0.046584156,5_0,2
mnist,2024,gaussian_block_adaptive,10,NA,32.99561539,0.125162881,10_0,0
mnist,2024,gaussian_block_adaptive,10,NA,36.01376231,0.071158691,10_0,1
mnist,2024,gaussian_block_adaptive,10,NA,41.01783959,0.093866037,10_0,2
mnist,2024,gaussian_block_adaptive,20,NA,89.74547268,0.040111326,10_0,0
mnist,2024,gaussian_block_adaptive,20,NA,108.1006512,0.098299163,10_0,1
mnist,2024,gaussian_block_adaptive,20,NA,65.50803563,0.066951705,10_0,2
mnist,2024,gaussian_block_adaptive,30,NA,169.6959037,0.054766735,10_0,0
mnist,2024,gaussian_block_adaptive,30,NA,79.65325889,0.058851078,10_0,1
mnist,2024,gaussian_block_adaptive,30,NA,87.77823677,0.05391232,10_0,2
mnist,2024,gaussian_block_adaptive,40,NA,86.03580961,0.042950044,10_0,0
mnist,2024,gaussian_block_adaptive,40,NA,129.0617032,0.09421108,10_0,1
mnist,2024,gaussian_block_adaptive,40,NA,85.35573476,0.048203043,10_0,2
mnist,2024,gaussian_block_adaptive,50,NA,110.0052168,0.062318081,10_0,0
mnist,2024,gaussian_block_adaptive,50,NA,121.0556026,0.047898433,10_0,1
mnist,2024,gaussian_block_adaptive,50,NA,99.18227402,0.039508846,10_0,2
mnist,2024,gaussian_block_adaptive,10,NA,173.3796348,0.104041971,20_0,0
mnist,2024,gaussian_block_adaptive,10,NA,26.92409399,0.079007776,20_0,1
mnist,2024,gaussian_block_adaptive,10,NA,75.24152482,0.14896503,20_0,2
mnist,2024,gaussian_block_adaptive,20,NA,240.2274203,0.089105921,20_0,0
mnist,2024,gaussian_block_adaptive,20,NA,128.2497323,0.091808284,20_0,1
mnist,2024,gaussian_block_adaptive,20,NA,241.3874394,0.081519024,20_0,2
mnist,2024,gaussian_block_adaptive,30,NA,280.3557437,0.068336957,20_0,0
mnist,2024,gaussian_block_adaptive,30,NA,226.6971009,0.091133494,20_0,1
mnist,2024,gaussian_block_adaptive,30,NA,310.7784686,0.086925908,20_0,2
mnist,2024,gaussian_block_adaptive,40,NA,440.8249305,0.124626101,20_0,0
mnist,2024,gaussian_block_adaptive,40,NA,277.7897487,0.110074557,20_0,1
mnist,2024,gaussian_block_adaptive,40,NA,321.2009349,0.093365094,20_0,2
mnist,2024,gaussian_block_adaptive,50,NA,390.6047478,0.089908478,20_0,0
mnist,2024,gaussian_block_adaptive,50,NA,359.338411,0.11196392,20_0,1
mnist,2024,gaussian_block_adaptive,50,NA,341.9536479,0.125857148,20_0,2
mnist,2024,gaussian_block_adaptive,10,NA,226.4871854,0.143321673,25_0,0
mnist,2024,gaussian_block_adaptive,10,NA,739.9268773,0.156852713,25_0,1
mnist,2024,gaussian_block_adaptive,10,NA,216.0237254,0.12201465,25_0,2
mnist,2024,gaussian_block_adaptive,20,NA,746.6297232,0.074343416,25_0,0
mnist,2024,gaussian_block_adaptive,20,NA,274.5624687,0.121093314,25_0,1
mnist,2024,gaussian_block_adaptive,20,NA,253.2875207,0.096242887,25_0,2
mnist,2024,gaussian_block_adaptive,30,NA,501.2090203,0.075848974,25_0,0
mnist,2024,gaussian_block_adaptive,30,NA,577.7337817,0.154920276,25_0,1
mnist,2024,gaussian_block_adaptive,30,NA,343.8581379,0.126494337,25_0,2
mnist,2024,gaussian_block_adaptive,40,NA,635.8473891,0.210944164,25_0,0
mnist,2024,gaussian_block_adaptive,40,NA,519.9824621,0.09276454,25_0,1
mnist,2024,gaussian_block_adaptive,40,NA,421.4171171,0.137064936,25_0,2
mnist,2024,gaussian_block_adaptive,50,NA,514.8600137,0.078871093,25_0,0
mnist,2024,gaussian_block_adaptive,50,NA,457.7062727,0.142818463,25_0,1
mnist,2024,gaussian_block_adaptive,50,NA,537.607713,0.13154794,25_0,2
mnist,2024,gaussian_block_adaptive,10,NA,255.8250415,0.075176776,30_0,0
mnist,2024,gaussian_block_adaptive,10,NA,467.0499604,0.11906328,30_0,1
mnist,2024,gaussian_block_adaptive,10,NA,428.7897035,0.131301375,30_0,2
mnist,2024,gaussian_block_adaptive,20,NA,461.9341665,0.145058108,30_0,0
mnist,2024,gaussian_block_adaptive,20,NA,483.2649278,0.119137987,30_0,1
mnist,2024,gaussian_block_adaptive,20,NA,680.5420013,0.163431515,30_0,2
mnist,2024,gaussian_block_adaptive,30,NA,586.9931449,0.079148687,30_0,0
mnist,2024,gaussian_block_adaptive,30,NA,794.7584174,0.129551503,30_0,1
mnist,2024,gaussian_block_adaptive,30,NA,828.433509,0.073139221,30_0,2
mnist,2024,gaussian_block_adaptive,40,NA,757.013435,0.08889262,30_0,0
mnist,2024,gaussian_block_adaptive,40,NA,597.5077149,0.051498007,30_0,1
mnist,2024,gaussian_block_adaptive,40,NA,597.9551972,0.070211219,30_0,2
mnist,2024,gaussian_block_adaptive,50,NA,502.5024866,0.115497096,30_0,0
mnist,2024,gaussian_block_adaptive,50,NA,529.1061261,0.05323865,30_0,1
mnist,2024,gaussian_block_adaptive,50,NA,633.2386787,0.158628904,30_0,2
mnist,2026,gaussian_block_adaptive,10,NA,11.77490849,0.070250561,0_0,0
mnist,2026,gaussian_block_adaptive,10,NA,28.44213386,0.073358333,0_0,1
mnist,2026,gaussian_block_adaptive,10,NA,33.10983054,0.073548273,0_0,2
mnist,2026,gaussian_block_adaptive,20,NA,27.56555563,0.067136268,0_0,0
mnist,2026,gaussian_block_adaptive,20,NA,27.99194599,0.125718335,0_0,1
mnist,2026,gaussian_block_adaptive,20,NA,56.88855308,0.06253553,0_0,2
mnist,2026,gaussian_block_adaptive,30,NA,39.33296897,0.061238223,0_0,0
mnist,2026,gaussian_block_adaptive,30,NA,48.27747178,0.021450927,0_0,1
mnist,2026,gaussian_block_adaptive,30,NA,49.20966482,0.063928759,0_0,2
mnist,2026,gaussian_block_adaptive,40,NA,30.8284114,0.020068693,0_0,0
mnist,2026,gaussian_block_adaptive,40,NA,65.29404378,0.059728007,0_0,1
mnist,2026,gaussian_block_adaptive,40,NA,62.4873321,0.040548419,0_0,2
mnist,2026,gaussian_block_adaptive,50,NA,56.93157868,0.037538523,0_0,0
mnist,2026,gaussian_block_adaptive,50,NA,65.47512661,0.049974924,0_0,1
mnist,2026,gaussian_block_adaptive,50,NA,45.13571944,0.039116748,0_0,2
mnist,2026,gaussian_block_adaptive,10,NA,37.09159365,0.072927291,0_1,0
mnist,2026,gaussian_block_adaptive,10,NA,21.51613388,0.106709264,0_1,1
mnist,2026,gaussian_block_adaptive,10,NA,32.55744548,0.080386787,0_1,2
mnist,2026,gaussian_block_adaptive,20,NA,57.98428658,0.04347067,0_1,0
mnist,2026,gaussian_block_adaptive,20,NA,54.85126431,0.074316009,0_1,1
mnist,2026,gaussian_block_adaptive,20,NA,40.94727863,0.118604392,0_1,2
mnist,2026,gaussian_block_adaptive,30,NA,33.6027464,0.034066549,0_1,0
mnist,2026,gaussian_block_adaptive,30,NA,78.61765482,0.096191196,0_1,1
mnist,2026,gaussian_block_adaptive,30,NA,23.39341179,0.024661867,0_1,2
mnist,2026,gaussian_block_adaptive,40,NA,33.29759993,0.021018665,0_1,0
mnist,2026,gaussian_block_adaptive,40,NA,56.72363311,0.040724863,0_1,1
mnist,2026,gaussian_block_adaptive,40,NA,73.40251138,0.040766695,0_1,2
mnist,2026,gaussian_block_adaptive,50,NA,48.7657337,0.029075194,0_1,0
mnist,2026,gaussian_block_adaptive,50,NA,76.22725113,0.065422054,0_1,1
mnist,2026,gaussian_block_adaptive,50,NA,70.6051981,0.038952273,0_1,2
mnist,2026,gaussian_block_adaptive,10,NA,23.88209759,0.052479639,0_5,0
mnist,2026,gaussian_block_adaptive,10,NA,29.52543689,0.067437812,0_5,1
mnist,2026,gaussian_block_adaptive,10,NA,33.98131634,0.108657271,0_5,2
mnist,2026,gaussian_block_adaptive,20,NA,33.71008384,0.078886619,0_5,0
mnist,2026,gaussian_block_adaptive,20,NA,31.33440808,0.075500455,0_5,1
mnist,2026,gaussian_block_adaptive,20,NA,43.93095872,0.089213361,0_5,2
mnist,2026,gaussian_block_adaptive,30,NA,22.20466558,0.030589883,0_5,0
mnist,2026,gaussian_block_adaptive,30,NA,77.39006291,0.065738639,0_5,1
mnist,2026,gaussian_block_adaptive,30,NA,79.07059033,0.041622328,0_5,2
mnist,2026,gaussian_block_adaptive,40,NA,57.39595819,0.053591314,0_5,0
mnist,2026,gaussian_block_adaptive,40,NA,47.22692428,0.032606223,0_5,1
mnist,2026,gaussian_block_adaptive,40,NA,68.25409742,0.048251994,0_5,2
mnist,2026,gaussian_block_adaptive,50,NA,50.91288733,0.033751302,0_5,0
mnist,2026,gaussian_block_adaptive,50,NA,83.67424393,0.127826547,0_5,1
mnist,2026,gaussian_block_adaptive,50,NA,48.94679626,0.035529658,0_5,2
mnist,2026,gaussian_block_adaptive,10,NA,21.60135594,0.108719854,1_5,0
mnist,2026,gaussian_block_adaptive,10,NA,39.09154903,0.04594202,1_5,1
mnist,2026,gaussian_block_adaptive,10,NA,14.5919571,0.039546678,1_5,2
mnist,2026,gaussian_block_adaptive,20,NA,41.5751153,0.070992478,1_5,0
mnist,2026,gaussian_block_adaptive,20,NA,76.18592956,0.042397876,1_5,1
mnist,2026,gaussian_block_adaptive,20,NA,44.78941983,0.091623559,1_5,2
mnist,2026,gaussian_block_adaptive,30,NA,29.00209969,0.036119532,1_5,0
mnist,2026,gaussian_block_adaptive,30,NA,40.83305262,0.062307784,1_5,1
mnist,2026,gaussian_block_adaptive,30,NA,37.8554368,0.03231254,1_5,2
mnist,2026,gaussian_block_adaptive,40,NA,46.06048787,0.017904504,1_5,0
mnist,2026,gaussian_block_adaptive,40,NA,50.9980954,0.040196164,1_5,1
mnist,2026,gaussian_block_adaptive,40,NA,69.92921821,0.086541769,1_5,2
mnist,2026,gaussian_block_adaptive,50,NA,48.55750149,0.031489798,1_5,0
mnist,2026,gaussian_block_adaptive,50,NA,75.08168767,0.065705345,1_5,1
mnist,2026,gaussian_block_adaptive,50,NA,51.19325402,0.048615161,1_5,2
mnist,2026,gaussian_block_adaptive,10,NA,24.55575541,0.065062974,5_0,0
mnist,2026,gaussian_block_adaptive,10,NA,20.56351298,0.053588864,5_0,1
mnist,2026,gaussian_block_adaptive,10,NA,15.7655651,0.105961432,5_0,2
mnist,2026,gaussian_block_adaptive,20,NA,55.69330991,0.029754955,5_0,0
mnist,2026,gaussian_block_adaptive,20,NA,67.44845164,0.111675705,5_0,1
mnist,2026,gaussian_block_adaptive,20,NA,61.23225623,0.030371351,5_0,2
mnist,2026,gaussian_block_adaptive,30,NA,72.70291225,0.045876397,5_0,0
mnist,2026,gaussian_block_adaptive,30,NA,84.73939112,0.051651913,5_0,1
mnist,2026,gaussian_block_adaptive,30,NA,45.39130306,0.032421543,5_0,2
mnist,2026,gaussian_block_adaptive,40,NA,58.54455004,0.042853267,5_0,0
mnist,2026,gaussian_block_adaptive,40,NA,92.61525013,0.059587,5_0,1
mnist,2026,gaussian_block_adaptive,40,NA,71.72939304,0.032901944,5_0,2
mnist,2026,gaussian_block_adaptive,50,NA,60.18600567,0.059655343,5_0,0
mnist,2026,gaussian_block_adaptive,50,NA,66.3658439,0.050466147,5_0,1
mnist,2026,gaussian_block_adaptive,50,NA,77.71657831,0.029103155,5_0,2
mnist,2026,gaussian_block_adaptive,10,NA,63.85379767,0.165004658,10_0,0
mnist,2026,gaussian_block_adaptive,10,NA,94.17953403,0.076295923,10_0,1
mnist,2026,gaussian_block_adaptive,10,NA,32.04933768,0.090396768,10_0,2
mnist,2026,gaussian_block_adaptive,20,NA,75.76165622,0.026306549,10_0,0
mnist,2026,gaussian_block_adaptive,20,NA,99.52800761,0.101281498,10_0,1
mnist,2026,gaussian_block_adaptive,20,NA,71.51330706,0.075711267,10_0,2
mnist,2026,gaussian_block_adaptive,30,NA,136.2016714,0.051545634,10_0,0
mnist,2026,gaussian_block_adaptive,30,NA,128.1786893,0.04174317,10_0,1
mnist,2026,gaussian_block_adaptive,30,NA,101.1683879,0.064693207,10_0,2
mnist,2026,gaussian_block_adaptive,40,NA,143.7354356,0.059576834,10_0,0
mnist,2026,gaussian_block_adaptive,40,NA,67.03778518,0.055095254,10_0,1
mnist,2026,gaussian_block_adaptive,40,NA,120.5502904,0.074548583,10_0,2
mnist,2026,gaussian_block_adaptive,50,NA,116.6570686,0.076038922,10_0,0
mnist,2026,gaussian_block_adaptive,50,NA,135.9448044,0.050290688,10_0,1
mnist,2026,gaussian_block_adaptive,50,NA,129.9583405,0.050401654,10_0,2
mnist,2026,gaussian_block_adaptive,10,NA,88.53151547,0.151976944,20_0,0
mnist,2026,gaussian_block_adaptive,10,NA,163.2572132,0.073304904,20_0,1
mnist,2026,gaussian_block_adaptive,10,NA,293.402376,0.095004984,20_0,2
mnist,2026,gaussian_block_adaptive,20,NA,387.1642244,0.090758234,20_0,0
mnist,2026,gaussian_block_adaptive,20,NA,190.4028471,0.103347414,20_0,1
mnist,2026,gaussian_block_adaptive,20,NA,323.9806299,0.09190156,20_0,2
mnist,2026,gaussian_block_adaptive,30,NA,355.3772478,0.118833143,20_0,0
mnist,2026,gaussian_block_adaptive,30,NA,389.0283946,0.081192163,20_0,1
mnist,2026,gaussian_block_adaptive,30,NA,248.1275264,0.092625477,20_0,2
mnist,2026,gaussian_block_adaptive,40,NA,245.6201175,0.087351691,20_0,0
mnist,2026,gaussian_block_adaptive,40,NA,381.3248539,0.077540757,20_0,1
mnist,2026,gaussian_block_adaptive,40,NA,449.6476197,0.077609184,20_0,2
mnist,2026,gaussian_block_adaptive,50,NA,259.4085154,0.069772828,20_0,0
mnist,2026,gaussian_block_adaptive,50,NA,290.5003046,0.066503356,20_0,1
mnist,2026,gaussian_block_adaptive,50,NA,368.0723907,0.147609172,20_0,2
mnist,2026,gaussian_block_adaptive,10,NA,154.022048,0.204613939,25_0,0
mnist,2026,gaussian_block_adaptive,10,NA,216.3487905,0.132106087,25_0,1
mnist,2026,gaussian_block_adaptive,10,NA,217.5203779,0.078435193,25_0,2
mnist,2026,gaussian_block_adaptive,20,NA,246.9666283,0.139169521,25_0,0
mnist,2026,gaussian_block_adaptive,20,NA,601.6777317,0.110291455,25_0,1
mnist,2026,gaussian_block_adaptive,20,NA,202.5196216,0.111776035,25_0,2
mnist,2026,gaussian_block_adaptive,30,NA,553.2915698,0.109510653,25_0,0
mnist,2026,gaussian_block_adaptive,30,NA,436.6990833,0.095274771,25_0,1
mnist,2026,gaussian_block_adaptive,30,NA,390.8210024,0.091857757,25_0,2
mnist,2026,gaussian_block_adaptive,40,NA,490.7099559,0.044776459,25_0,0
mnist,2026,gaussian_block_adaptive,40,NA,569.2711925,0.126687912,25_0,1
mnist,2026,gaussian_block_adaptive,40,NA,457.3752222,0.101020054,25_0,2
mnist,2026,gaussian_block_adaptive,50,NA,516.4640891,0.104120346,25_0,0
mnist,2026,gaussian_block_adaptive,50,NA,404.3090803,0.106642197,25_0,1
mnist,2026,gaussian_block_adaptive,50,NA,420.1635363,0.085700079,25_0,2
mnist,2026,gaussian_block_adaptive,10,NA,145.8974684,0.113692142,30_0,0
mnist,2026,gaussian_block_adaptive,10,NA,234.7164965,0.121192393,30_0,1
mnist,2026,gaussian_block_adaptive,10,NA,140.1485518,0.150233946,30_0,2
mnist,2026,gaussian_block_adaptive,20,NA,783.4664689,0.123430256,30_0,0
mnist,2026,gaussian_block_adaptive,20,NA,232.8277901,0.10906028,30_0,1
mnist,2026,gaussian_block_adaptive,20,NA,238.0698824,0.145507987,30_0,2
mnist,2026,gaussian_block_adaptive,30,NA,538.3928555,0.123659538,30_0,0
mnist,2026,gaussian_block_adaptive,30,NA,757.4759387,0.151328633,30_0,1
mnist,2026,gaussian_block_adaptive,30,NA,603.7707049,0.131750578,30_0,2
mnist,2026,gaussian_block_adaptive,40,NA,982.0718593,0.149370044,30_0,0
mnist,2026,gaussian_block_adaptive,40,NA,709.1494753,0.101267205,30_0,1
mnist,2026,gaussian_block_adaptive,40,NA,324.4240284,0.090811315,30_0,2
mnist,2026,gaussian_block_adaptive,50,NA,1052.496441,0.122930668,30_0,0
mnist,2026,gaussian_block_adaptive,50,NA,691.5768992,0.07432944,30_0,1
mnist,2026,gaussian_block_adaptive,50,NA,551.6625586,0.093271209,30_0,2
mnist,2030,gaussian_block_adaptive,10,NA,53.70414199,0.116656831,0_0,0
mnist,2030,gaussian_block_adaptive,10,NA,18.0643613,0.143007768,0_0,1
mnist,2030,gaussian_block_adaptive,10,NA,39.19110419,0.102425701,0_0,2
mnist,2030,gaussian_block_adaptive,20,NA,72.03672808,0.124731551,0_0,0
mnist,2030,gaussian_block_adaptive,20,NA,76.0247049,0.092334723,0_0,1
mnist,2030,gaussian_block_adaptive,20,NA,72.71158112,0.133633601,0_0,2
mnist,2030,gaussian_block_adaptive,30,NA,57.94718985,0.105119543,0_0,0
mnist,2030,gaussian_block_adaptive,30,NA,68.72719218,0.162958926,0_0,1
mnist,2030,gaussian_block_adaptive,30,NA,59.46097976,0.077635697,0_0,2
mnist,2030,gaussian_block_adaptive,40,NA,95.14883999,0.094086248,0_0,0
mnist,2030,gaussian_block_adaptive,40,NA,58.42149947,0.070189402,0_0,1
mnist,2030,gaussian_block_adaptive,40,NA,37.81568905,0.038457325,0_0,2
mnist,2030,gaussian_block_adaptive,50,NA,79.77074992,0.049501704,0_0,0
mnist,2030,gaussian_block_adaptive,50,NA,128.271024,0.090033092,0_0,1
mnist,2030,gaussian_block_adaptive,50,NA,109.4747213,0.066089271,0_0,2
mnist,2030,gaussian_block_adaptive,10,NA,85.79840497,0.125112236,0_1,0
mnist,2030,gaussian_block_adaptive,10,NA,40.5755882,0.178637337,0_1,1
mnist,2030,gaussian_block_adaptive,10,NA,35.62053756,0.118176783,0_1,2
mnist,2030,gaussian_block_adaptive,20,NA,47.62149858,0.131312028,0_1,0
mnist,2030,gaussian_block_adaptive,20,NA,57.85933305,0.139098757,0_1,1
mnist,2030,gaussian_block_adaptive,20,NA,75.47910455,0.039993258,0_1,2
mnist,2030,gaussian_block_adaptive,30,NA,62.16795873,0.124907989,0_1,0
mnist,2030,gaussian_block_adaptive,30,NA,81.62583048,0.150671519,0_1,1
mnist,2030,gaussian_block_adaptive,30,NA,52.979674,0.046014699,0_1,2
mnist,2030,gaussian_block_adaptive,40,NA,80.12084279,0.110212861,0_1,0
mnist,2030,gaussian_block_adaptive,40,NA,75.69455189,0.131341156,0_1,1
mnist,2030,gaussian_block_adaptive,40,NA,69.74728467,0.060236577,0_1,2
mnist,2030,gaussian_block_adaptive,50,NA,78.32605501,0.115070402,0_1,0
mnist,2030,gaussian_block_adaptive,50,NA,56.57595837,0.052889581,0_1,1
mnist,2030,gaussian_block_adaptive,50,NA,86.55017981,0.063807996,0_1,2
mnist,2030,gaussian_block_adaptive,10,NA,24.57044799,0.165763466,0_5,0
mnist,2030,gaussian_block_adaptive,10,NA,53.24322831,0.1466731,0_5,1
mnist,2030,gaussian_block_adaptive,10,NA,44.06586439,0.109792722,0_5,2
mnist,2030,gaussian_block_adaptive,20,NA,57.16959754,0.138715515,0_5,0
mnist,2030,gaussian_block_adaptive,20,NA,86.85824553,0.126107517,0_5,1
mnist,2030,gaussian_block_adaptive,20,NA,56.81598162,0.09335849,0_5,2
mnist,2030,gaussian_block_adaptive,30,NA,53.87833047,0.106162714,0_5,0
mnist,2030,gaussian_block_adaptive,30,NA,68.95724571,0.112920681,0_5,1
mnist,2030,gaussian_block_adaptive,30,NA,69.05102132,0.04538742,0_5,2
mnist,2030,gaussian_block_adaptive,40,NA,63.12222613,0.108695584,0_5,0
mnist,2030,gaussian_block_adaptive,40,NA,77.92662575,0.073241898,0_5,1
mnist,2030,gaussian_block_adaptive,40,NA,119.7820836,0.140595896,0_5,2
mnist,2030,gaussian_block_adaptive,50,NA,83.23522201,0.067906039,0_5,0
mnist,2030,gaussian_block_adaptive,50,NA,88.44716606,0.067373431,0_5,1
mnist,2030,gaussian_block_adaptive,50,NA,82.94245815,0.10129608,0_5,2
mnist,2030,gaussian_block_adaptive,10,NA,53.28844423,0.08797623,1_5,0
mnist,2030,gaussian_block_adaptive,10,NA,27.925222,0.217040036,1_5,1
mnist,2030,gaussian_block_adaptive,10,NA,79.21588692,0.0902687,1_5,2
mnist,2030,gaussian_block_adaptive,20,NA,55.39885932,0.127757021,1_5,0
mnist,2030,gaussian_block_adaptive,20,NA,55.96887886,0.088142644,1_5,1
mnist,2030,gaussian_block_adaptive,20,NA,25.53564997,0.07748718,1_5,2
mnist,2030,gaussian_block_adaptive,30,NA,46.41171144,0.106790323,1_5,0
mnist,2030,gaussian_block_adaptive,30,NA,76.12577687,0.110961129,1_5,1
mnist,2030,gaussian_block_adaptive,30,NA,41.21898754,0.091939,1_5,2
mnist,2030,gaussian_block_adaptive,40,NA,90.4677013,0.12488418,1_5,0
mnist,2030,gaussian_block_adaptive,40,NA,102.8454428,0.13732659,1_5,1
mnist,2030,gaussian_block_adaptive,40,NA,71.49013853,0.102510911,1_5,2
mnist,2030,gaussian_block_adaptive,50,NA,73.72072367,0.096602473,1_5,0
mnist,2030,gaussian_block_adaptive,50,NA,68.90262537,0.068152127,1_5,1
mnist,2030,gaussian_block_adaptive,50,NA,143.1151438,0.127408357,1_5,2
mnist,2030,gaussian_block_adaptive,10,NA,55.81310386,0.129616525,5_0,0
mnist,2030,gaussian_block_adaptive,10,NA,74.31927973,0.099658478,5_0,1
mnist,2030,gaussian_block_adaptive,10,NA,39.43512051,0.099275466,5_0,2
mnist,2030,gaussian_block_adaptive,20,NA,78.17650686,0.117992408,5_0,0
mnist,2030,gaussian_block_adaptive,20,NA,70.92284788,0.120616602,5_0,1
mnist,2030,gaussian_block_adaptive,20,NA,61.07062992,0.100400362,5_0,2
mnist,2030,gaussian_block_adaptive,30,NA,73.89572586,0.09701449,5_0,0
mnist,2030,gaussian_block_adaptive,30,NA,68.27107485,0.063981496,5_0,1
mnist,2030,gaussian_block_adaptive,30,NA,79.81664044,0.114731003,5_0,2
mnist,2030,gaussian_block_adaptive,40,NA,91.02179469,0.07144936,5_0,0
mnist,2030,gaussian_block_adaptive,40,NA,105.300541,0.065407517,5_0,1
mnist,2030,gaussian_block_adaptive,40,NA,82.68943021,0.048561061,5_0,2
mnist,2030,gaussian_block_adaptive,50,NA,88.70376559,0.117804577,5_0,0
mnist,2030,gaussian_block_adaptive,50,NA,89.84345372,0.065078023,5_0,1
mnist,2030,gaussian_block_adaptive,50,NA,100.1338394,0.063868638,5_0,2
mnist,2030,gaussian_block_adaptive,10,NA,85.72041733,0.158664596,10_0,0
mnist,2030,gaussian_block_adaptive,10,NA,44.17795246,0.14276076,10_0,1
mnist,2030,gaussian_block_adaptive,10,NA,50.94511918,0.150446986,10_0,2
mnist,2030,gaussian_block_adaptive,20,NA,109.6295417,0.133293583,10_0,0
mnist,2030,gaussian_block_adaptive,20,NA,51.40245131,0.096150791,10_0,1
mnist,2030,gaussian_block_adaptive,20,NA,166.4226908,0.080297271,10_0,2
mnist,2030,gaussian_block_adaptive,30,NA,115.2014326,0.13286634,10_0,0
mnist,2030,gaussian_block_adaptive,30,NA,110.8763479,0.088260984,10_0,1
mnist,2030,gaussian_block_adaptive,30,NA,111.3833067,0.100839876,10_0,2
mnist,2030,gaussian_block_adaptive,40,NA,121.1139515,0.118603619,10_0,0
mnist,2030,gaussian_block_adaptive,40,NA,109.3597695,0.081188878,10_0,1
mnist,2030,gaussian_block_adaptive,40,NA,158.0283832,0.080716576,10_0,2
mnist,2030,gaussian_block_adaptive,50,NA,131.6875828,0.093365016,10_0,0
mnist,2030,gaussian_block_adaptive,50,NA,129.3286609,0.05157349,10_0,1
mnist,2030,gaussian_block_adaptive,50,NA,114.9910333,0.099557904,10_0,2
mnist,2030,gaussian_block_adaptive,10,NA,257.7552527,0.185492736,20_0,0
mnist,2030,gaussian_block_adaptive,10,NA,235.1215251,0.087666419,20_0,1
mnist,2030,gaussian_block_adaptive,10,NA,242.8769411,0.203965499,20_0,2
mnist,2030,gaussian_block_adaptive,20,NA,247.8398332,0.119018974,20_0,0
mnist,2030,gaussian_block_adaptive,20,NA,201.6351495,0.172360694,20_0,1
mnist,2030,gaussian_block_adaptive,20,NA,243.9261882,0.185197001,20_0,2
mnist,2030,gaussian_block_adaptive,30,NA,305.40351,0.152537202,20_0,0
mnist,2030,gaussian_block_adaptive,30,NA,569.8720047,0.089995055,20_0,1
mnist,2030,gaussian_block_adaptive,30,NA,187.4772996,0.165152726,20_0,2
mnist,2030,gaussian_block_adaptive,40,NA,300.7351178,0.167844243,20_0,0
mnist,2030,gaussian_block_adaptive,40,NA,233.1123437,0.135416862,20_0,1
mnist,2030,gaussian_block_adaptive,40,NA,290.8757657,0.193020497,20_0,2
mnist,2030,gaussian_block_adaptive,50,NA,379.6187047,0.138270631,20_0,0
mnist,2030,gaussian_block_adaptive,50,NA,359.3670425,0.114760794,20_0,1
mnist,2030,gaussian_block_adaptive,50,NA,232.8031537,0.162267299,20_0,2
mnist,2030,gaussian_block_adaptive,10,NA,563.8952436,0.122664097,25_0,0
mnist,2030,gaussian_block_adaptive,10,NA,229.5299644,0.137172734,25_0,1
mnist,2030,gaussian_block_adaptive,10,NA,112.6761329,0.129015528,25_0,2
mnist,2030,gaussian_block_adaptive,20,NA,666.4778405,0.163950131,25_0,0
mnist,2030,gaussian_block_adaptive,20,NA,724.6017123,0.122366564,25_0,1
mnist,2030,gaussian_block_adaptive,20,NA,403.579921,0.158280292,25_0,2
mnist,2030,gaussian_block_adaptive,30,NA,233.0781729,0.080076019,25_0,0
mnist,2030,gaussian_block_adaptive,30,NA,493.4262557,0.181927048,25_0,1
mnist,2030,gaussian_block_adaptive,30,NA,385.1929846,0.143286411,25_0,2
mnist,2030,gaussian_block_adaptive,40,NA,342.762038,0.13495474,25_0,0
mnist,2030,gaussian_block_adaptive,40,NA,521.5503606,0.198194946,25_0,1
mnist,2030,gaussian_block_adaptive,40,NA,321.924829,0.146401702,25_0,2
mnist,2030,gaussian_block_adaptive,50,NA,454.493299,0.158151502,25_0,0
mnist,2030,gaussian_block_adaptive,50,NA,773.0422235,0.120088459,25_0,1
mnist,2030,gaussian_block_adaptive,50,NA,514.4509831,0.164020072,25_0,2
mnist,2030,gaussian_block_adaptive,10,NA,969.3724547,0.201151785,30_0,0
mnist,2030,gaussian_block_adaptive,10,NA,351.5208234,0.160451665,30_0,1
mnist,2030,gaussian_block_adaptive,10,NA,304.1081725,0.190740145,30_0,2
mnist,2030,gaussian_block_adaptive,20,NA,832.7692843,0.093505737,30_0,0
mnist,2030,gaussian_block_adaptive,20,NA,398.3026248,0.161887613,30_0,1
mnist,2030,gaussian_block_adaptive,20,NA,431.9605388,0.150505341,30_0,2
mnist,2030,gaussian_block_adaptive,30,NA,495.3165487,0.190069445,30_0,0
mnist,2030,gaussian_block_adaptive,30,NA,422.6106253,0.17003214,30_0,1
mnist,2030,gaussian_block_adaptive,30,NA,458.0187726,0.165265385,30_0,2
mnist,2030,gaussian_block_adaptive,40,NA,648.9314977,0.210257599,30_0,0
mnist,2030,gaussian_block_adaptive,40,NA,835.0378198,0.136553007,30_0,1
mnist,2030,gaussian_block_adaptive,40,NA,786.6142614,0.160949801,30_0,2
mnist,2030,gaussian_block_adaptive,50,NA,654.9209743,0.138429732,30_0,0
mnist,2030,gaussian_block_adaptive,50,NA,694.0401522,0.119578216,30_0,1
mnist,2030,gaussian_block_adaptive,50,NA,707.5204471,0.172825086,30_0,2
mnist,2049,gaussian_block_adaptive,10,NA,40.82969686,0.109920404,0_0,0
mnist,2049,gaussian_block_adaptive,10,NA,46.6691561,0.08813703,0_0,1
mnist,2049,gaussian_block_adaptive,10,NA,40.93156878,0.107142342,0_0,2
mnist,2049,gaussian_block_adaptive,20,NA,59.07623674,0.107811915,0_0,0
mnist,2049,gaussian_block_adaptive,20,NA,45.5992723,0.094092291,0_0,1
mnist,2049,gaussian_block_adaptive,20,NA,83.03046148,0.084632141,0_0,2
mnist,2049,gaussian_block_adaptive,30,NA,91.6376748,0.154817151,0_0,0
mnist,2049,gaussian_block_adaptive,30,NA,68.4285767,0.119571731,0_0,1
mnist,2049,gaussian_block_adaptive,30,NA,71.23268018,0.093163811,0_0,2
mnist,2049,gaussian_block_adaptive,40,NA,61.08231937,0.088155949,0_0,0
mnist,2049,gaussian_block_adaptive,40,NA,91.45849261,0.099092239,0_0,1
mnist,2049,gaussian_block_adaptive,40,NA,59.23851236,0.093014739,0_0,2
mnist,2049,gaussian_block_adaptive,50,NA,64.98934942,0.042871102,0_0,0
mnist,2049,gaussian_block_adaptive,50,NA,102.593875,0.07857009,0_0,1
mnist,2049,gaussian_block_adaptive,50,NA,90.39694442,0.107567826,0_0,2
mnist,2049,gaussian_block_adaptive,10,NA,11.32956614,0.106074019,0_1,0
mnist,2049,gaussian_block_adaptive,10,NA,47.32588645,0.119499145,0_1,1
mnist,2049,gaussian_block_adaptive,10,NA,76.65739646,0.115911192,0_1,2
mnist,2049,gaussian_block_adaptive,20,NA,82.68783839,0.108034404,0_1,0
mnist,2049,gaussian_block_adaptive,20,NA,57.14830561,0.074928838,0_1,1
mnist,2049,gaussian_block_adaptive,20,NA,69.04731999,0.120342379,0_1,2
mnist,2049,gaussian_block_adaptive,30,NA,98.72695608,0.10204612,0_1,0
mnist,2049,gaussian_block_adaptive,30,NA,89.84696983,0.100306962,0_1,1
mnist,2049,gaussian_block_adaptive,30,NA,85.32869092,0.105147061,0_1,2
mnist,2049,gaussian_block_adaptive,40,NA,84.34206931,0.104738197,0_1,0
mnist,2049,gaussian_block_adaptive,40,NA,125.4359453,0.131148151,0_1,1
mnist,2049,gaussian_block_adaptive,40,NA,60.48040696,0.073831481,0_1,2
mnist,2049,gaussian_block_adaptive,50,NA,108.2452615,0.147118448,0_1,0
mnist,2049,gaussian_block_adaptive,50,NA,91.98576099,0.105853025,0_1,1
mnist,2049,gaussian_block_adaptive,50,NA,110.7224504,0.094523113,0_1,2
mnist,2049,gaussian_block_adaptive,10,NA,24.26803677,0.113324731,0_5,0
mnist,2049,gaussian_block_adaptive,10,NA,30.38811184,0.12762657,0_5,1
mnist,2049,gaussian_block_adaptive,10,NA,92.26761029,0.144237602,0_5,2
mnist,2049,gaussian_block_adaptive,20,NA,83.75305772,0.155403205,0_5,0
mnist,2049,gaussian_block_adaptive,20,NA,54.0803581,0.078320765,0_5,1
mnist,2049,gaussian_block_adaptive,20,NA,113.2942635,0.116896735,0_5,2
mnist,2049,gaussian_block_adaptive,30,NA,84.91940877,0.077563057,0_5,0
mnist,2049,gaussian_block_adaptive,30,NA,90.38473677,0.07062563,0_5,1
mnist,2049,gaussian_block_adaptive,30,NA,56.19518654,0.10047901,0_5,2
mnist,2049,gaussian_block_adaptive,40,NA,70.25535019,0.111834949,0_5,0
mnist,2049,gaussian_block_adaptive,40,NA,90.7584641,0.076888443,0_5,1
mnist,2049,gaussian_block_adaptive,40,NA,94.46989898,0.107077319,0_5,2
mnist,2049,gaussian_block_adaptive,50,NA,89.68992625,0.085474943,0_5,0
mnist,2049,gaussian_block_adaptive,50,NA,63.38190987,0.092764306,0_5,1
mnist,2049,gaussian_block_adaptive,50,NA,128.5977003,0.073712564,0_5,2
mnist,2049,gaussian_block_adaptive,10,NA,41.59455061,0.14766731,1_5,0
mnist,2049,gaussian_block_adaptive,10,NA,56.40390562,0.1918645,1_5,1
mnist,2049,gaussian_block_adaptive,10,NA,45.72368994,0.110527056,1_5,2
mnist,2049,gaussian_block_adaptive,20,NA,102.816381,0.082849932,1_5,0
mnist,2049,gaussian_block_adaptive,20,NA,50.2582633,0.099464111,1_5,1
mnist,2049,gaussian_block_adaptive,20,NA,96.79864296,0.114848564,1_5,2
mnist,2049,gaussian_block_adaptive,30,NA,92.86759941,0.109694767,1_5,0
mnist,2049,gaussian_block_adaptive,30,NA,63.90635266,0.103521859,1_5,1
mnist,2049,gaussian_block_adaptive,30,NA,117.5372789,0.095177075,1_5,2
mnist,2049,gaussian_block_adaptive,40,NA,82.90564753,0.118488748,1_5,0
mnist,2049,gaussian_block_adaptive,40,NA,93.74244713,0.058079405,1_5,1
mnist,2049,gaussian_block_adaptive,40,NA,97.41168501,0.124269229,1_5,2
mnist,2049,gaussian_block_adaptive,50,NA,101.4629532,0.104079601,1_5,0
mnist,2049,gaussian_block_adaptive,50,NA,62.08182634,0.11306378,1_5,1
mnist,2049,gaussian_block_adaptive,50,NA,91.15791265,0.110534132,1_5,2
mnist,2049,gaussian_block_adaptive,10,NA,28.97167649,0.107526547,5_0,0
mnist,2049,gaussian_block_adaptive,10,NA,41.13480091,0.125586086,5_0,1
mnist,2049,gaussian_block_adaptive,10,NA,18.0732017,0.123313379,5_0,2
mnist,2049,gaussian_block_adaptive,20,NA,55.1438851,0.115361562,5_0,0
mnist,2049,gaussian_block_adaptive,20,NA,64.64455027,0.098762292,5_0,1
mnist,2049,gaussian_block_adaptive,20,NA,72.79695417,0.175812993,5_0,2
mnist,2049,gaussian_block_adaptive,30,NA,141.1466158,0.090285103,5_0,0
mnist,2049,gaussian_block_adaptive,30,NA,99.79562097,0.077377757,5_0,1
mnist,2049,gaussian_block_adaptive,30,NA,82.62979408,0.116128792,5_0,2
mnist,2049,gaussian_block_adaptive,40,NA,77.24480562,0.094751387,5_0,0
mnist,2049,gaussian_block_adaptive,40,NA,109.395746,0.103020973,5_0,1
mnist,2049,gaussian_block_adaptive,40,NA,87.81673145,0.141942256,5_0,2
mnist,2049,gaussian_block_adaptive,50,NA,108.6078538,0.075893835,5_0,0
mnist,2049,gaussian_block_adaptive,50,NA,116.491428,0.128789019,5_0,1
mnist,2049,gaussian_block_adaptive,50,NA,111.0703668,0.101327344,5_0,2
mnist,2049,gaussian_block_adaptive,10,NA,30.51590632,0.131004156,10_0,0
mnist,2049,gaussian_block_adaptive,10,NA,90.01493222,0.119640964,10_0,1
mnist,2049,gaussian_block_adaptive,10,NA,56.65962799,0.153025022,10_0,2
mnist,2049,gaussian_block_adaptive,20,NA,161.0181982,0.085366,10_0,0
mnist,2049,gaussian_block_adaptive,20,NA,175.9115021,0.134260225,10_0,1
mnist,2049,gaussian_block_adaptive,20,NA,134.0492101,0.129700624,10_0,2
mnist,2049,gaussian_block_adaptive,30,NA,115.6704194,0.13453007,10_0,0
mnist,2049,gaussian_block_adaptive,30,NA,169.7625196,0.165851463,10_0,1
mnist,2049,gaussian_block_adaptive,30,NA,77.72206172,0.082710449,10_0,2
mnist,2049,gaussian_block_adaptive,40,NA,99.52876465,0.074136672,10_0,0
mnist,2049,gaussian_block_adaptive,40,NA,196.2660008,0.097522665,10_0,1
mnist,2049,gaussian_block_adaptive,40,NA,175.6647783,0.142085357,10_0,2
mnist,2049,gaussian_block_adaptive,50,NA,176.8632368,0.158449859,10_0,0
mnist,2049,gaussian_block_adaptive,50,NA,160.2283585,0.108195982,10_0,1
mnist,2049,gaussian_block_adaptive,50,NA,208.6313721,0.07141755,10_0,2
mnist,2049,gaussian_block_adaptive,10,NA,177.5387811,0.146115376,20_0,0
mnist,2049,gaussian_block_adaptive,10,NA,181.487906,0.187330394,20_0,1
mnist,2049,gaussian_block_adaptive,10,NA,68.83831113,0.1506592,20_0,2
mnist,2049,gaussian_block_adaptive,20,NA,271.6245344,0.13117148,20_0,0
mnist,2049,gaussian_block_adaptive,20,NA,358.6116827,0.176185824,20_0,1
mnist,2049,gaussian_block_adaptive,20,NA,382.8613131,0.126205435,20_0,2
mnist,2049,gaussian_block_adaptive,30,NA,362.7410612,0.128382157,20_0,0
mnist,2049,gaussian_block_adaptive,30,NA,328.3305623,0.149843663,20_0,1
mnist,2049,gaussian_block_adaptive,30,NA,370.3174956,0.136319803,20_0,2
mnist,2049,gaussian_block_adaptive,40,NA,390.6332919,0.110157152,20_0,0
mnist,2049,gaussian_block_adaptive,40,NA,302.2121586,0.15252649,20_0,1
mnist,2049,gaussian_block_adaptive,40,NA,382.4201514,0.179321416,20_0,2
mnist,2049,gaussian_block_adaptive,50,NA,372.401314,0.136394921,20_0,0
mnist,2049,gaussian_block_adaptive,50,NA,273.5235632,0.14100224,20_0,1
mnist,2049,gaussian_block_adaptive,50,NA,348.4681082,0.147991968,20_0,2
mnist,2049,gaussian_block_adaptive,10,NA,303.2140565,0.125193018,25_0,0
mnist,2049,gaussian_block_adaptive,10,NA,552.8394792,0.138728624,25_0,1
mnist,2049,gaussian_block_adaptive,10,NA,124.5804439,0.209687076,25_0,2
mnist,2049,gaussian_block_adaptive,20,NA,551.6339489,0.232499606,25_0,0
mnist,2049,gaussian_block_adaptive,20,NA,356.6990616,0.110676493,25_0,1
mnist,2049,gaussian_block_adaptive,20,NA,608.6035672,0.130897013,25_0,2
mnist,2049,gaussian_block_adaptive,30,NA,326.6026425,0.136757272,25_0,0
mnist,2049,gaussian_block_adaptive,30,NA,467.8208378,0.150429234,25_0,1
mnist,2049,gaussian_block_adaptive,30,NA,563.3118658,0.144509508,25_0,2
mnist,2049,gaussian_block_adaptive,40,NA,614.2497723,0.137808576,25_0,0
mnist,2049,gaussian_block_adaptive,40,NA,569.799324,0.108686203,25_0,1
mnist,2049,gaussian_block_adaptive,40,NA,542.9671483,0.152619845,25_0,2
mnist,2049,gaussian_block_adaptive,50,NA,367.8529381,0.116590269,25_0,0
mnist,2049,gaussian_block_adaptive,50,NA,446.7667915,0.152733841,25_0,1
mnist,2049,gaussian_block_adaptive,50,NA,637.4037229,0.185418601,25_0,2
mnist,2049,gaussian_block_adaptive,10,NA,454.6339718,0.147735773,30_0,0
mnist,2049,gaussian_block_adaptive,10,NA,366.8140911,0.108852607,30_0,1
mnist,2049,gaussian_block_adaptive,10,NA,309.2939756,0.166652901,30_0,2
mnist,2049,gaussian_block_adaptive,20,NA,246.6472219,0.128463091,30_0,0
mnist,2049,gaussian_block_adaptive,20,NA,484.9417902,0.130650295,30_0,1
mnist,2049,gaussian_block_adaptive,20,NA,311.6791108,0.175183474,30_0,2
mnist,2049,gaussian_block_adaptive,30,NA,948.5788539,0.143367137,30_0,0
mnist,2049,gaussian_block_adaptive,30,NA,718.4606879,0.112820982,30_0,1
mnist,2049,gaussian_block_adaptive,30,NA,519.9169889,0.168522481,30_0,2
mnist,2049,gaussian_block_adaptive,40,NA,652.368004,0.153794583,30_0,0
mnist,2049,gaussian_block_adaptive,40,NA,485.1982816,0.156204669,30_0,1
mnist,2049,gaussian_block_adaptive,40,NA,720.5570334,0.108493338,30_0,2
mnist,2049,gaussian_block_adaptive,50,NA,565.275067,0.149134147,30_0,0
mnist,2049,gaussian_block_adaptive,50,NA,1396.492812,0.17839215,30_0,1
mnist,2049,gaussian_block_adaptive,50,NA,749.21953,0.100268209,30_0,2
